This is XeTeX, Version 3.141592653-2.6-0.999996 (MiKTeX 24.4) (preloaded format=xelatex 2024.12.1)  25 DEC 2024 20:36
entering extended mode
 restricted \write18 enabled.
 %&-line parsing enabled.
**./MainTemplate.tex
(MainTemplate.tex
LaTeX2e <2024-11-01>
L3 programming layer <2024-11-02>
(/home/andreaspanayi8/.miktex/texmfs/install/tex/latex/base/article.cls
Document Class: article 2024/06/29 v1.4n Standard LaTeX document class
(/home/andreaspanayi8/.miktex/texmfs/install/tex/latex/base/size12.clo
File: size12.clo 2024/06/29 v1.4n Standard LaTeX file (size option)
)
\c@part=\count192
\c@section=\count193
\c@subsection=\count194
\c@subsubsection=\count195
\c@paragraph=\count196
\c@subparagraph=\count197
\c@figure=\count198
\c@table=\count199
\abovecaptionskip=\skip49
\belowcaptionskip=\skip50
\bibindent=\dimen141
)
(/home/andreaspanayi8/.miktex/texmfs/install/tex/latex/geometry/geometry.sty
Package: geometry 2020/01/02 v5.9 Page Geometry

(/home/andreaspanayi8/.miktex/texmfs/install/tex/latex/graphics/keyval.sty
Package: keyval 2022/05/29 v1.15 key=value parser (DPC)
\KV@toks@=\toks17
)
(/home/andreaspanayi8/.miktex/texmfs/install/tex/generic/iftex/ifvtex.sty
Package: ifvtex 2019/10/25 v1.7 ifvtex legacy package. Use iftex instead.

(/home/andreaspanayi8/.miktex/texmfs/install/tex/generic/iftex/iftex.sty
Package: iftex 2022/02/03 v1.0f TeX engine tests
))
\Gm@cnth=\count266
\Gm@cntv=\count267
\c@Gm@tempcnt=\count268
\Gm@bindingoffset=\dimen142
\Gm@wd@mp=\dimen143
\Gm@odd@mp=\dimen144
\Gm@even@mp=\dimen145
\Gm@layoutwidth=\dimen146
\Gm@layoutheight=\dimen147
\Gm@layouthoffset=\dimen148
\Gm@layoutvoffset=\dimen149
\Gm@dimlist=\toks18

(/home/andreaspanayi8/.miktex/texmfs/install/tex/latex/geometry/geometry.cfg))
(PreambleTemplate.tex
(/home/andreaspanayi8/.miktex/texmfs/install/tex/latex/fontspec/fontspec.sty
(/home/andreaspanayi8/.miktex/texmfs/install/tex/latex/l3packages/xparse/xparse
.sty (/home/andreaspanayi8/.miktex/texmfs/install/tex/latex/l3kernel/expl3.sty
Package: expl3 2024-11-02 L3 programming layer (loader) 

(/home/andreaspanayi8/.miktex/texmfs/install/tex/latex/l3backend/l3backend-xete
x.def
File: l3backend-xetex.def 2024-05-08 L3 backend support: XeTeX
\g__graphics_track_int=\count269
\l__pdf_internal_box=\box52
\g__pdf_backend_annotation_int=\count270
\g__pdf_backend_link_int=\count271
))
Package: xparse 2024-08-16 L3 Experimental document command parser
)
Package: fontspec 2024/05/11 v2.9e Font selection for XeLaTeX and LuaLaTeX

(/home/andreaspanayi8/.miktex/texmfs/install/tex/latex/fontspec/fontspec-xetex.
sty
Package: fontspec-xetex 2024/05/11 v2.9e Font selection for XeLaTeX and LuaLaTe
X
\l__fontspec_script_int=\count272
\l__fontspec_language_int=\count273
\l__fontspec_strnum_int=\count274
\l__fontspec_tmp_int=\count275
\l__fontspec_tmpa_int=\count276
\l__fontspec_tmpb_int=\count277
\l__fontspec_tmpc_int=\count278
\l__fontspec_em_int=\count279
\l__fontspec_emdef_int=\count280
\l__fontspec_strong_int=\count281
\l__fontspec_strongdef_int=\count282
\l__fontspec_tmpa_dim=\dimen150
\l__fontspec_tmpb_dim=\dimen151
\l__fontspec_tmpc_dim=\dimen152
 (/home/andreaspanayi8/.miktex/texmfs/install/tex/latex/base/fontenc.sty
Package: fontenc 2021/04/29 v2.0v Standard LaTeX package
)
(/home/andreaspanayi8/.miktex/texmfs/install/tex/latex/fontspec/fontspec.cfg)))
(/home/andreaspanayi8/.miktex/texmfs/install/tex/latex/amsmath/amsmath.sty
Package: amsmath 2024/11/05 v2.17t AMS math features
\@mathmargin=\skip51

For additional information on amsmath, use the `?' option.
(/home/andreaspanayi8/.miktex/texmfs/install/tex/latex/amsmath/amstext.sty
Package: amstext 2021/08/26 v2.01 AMS text

(/home/andreaspanayi8/.miktex/texmfs/install/tex/latex/amsmath/amsgen.sty
File: amsgen.sty 1999/11/30 v2.0 generic functions
\@emptytoks=\toks19
\ex@=\dimen153
))
(/home/andreaspanayi8/.miktex/texmfs/install/tex/latex/amsmath/amsbsy.sty
Package: amsbsy 1999/11/29 v1.2d Bold Symbols
\pmbraise@=\dimen154
)
(/home/andreaspanayi8/.miktex/texmfs/install/tex/latex/amsmath/amsopn.sty
Package: amsopn 2022/04/08 v2.04 operator names
)
\inf@bad=\count283
LaTeX Info: Redefining \frac on input line 233.
\uproot@=\count284
\leftroot@=\count285
LaTeX Info: Redefining \overline on input line 398.
LaTeX Info: Redefining \colon on input line 409.
\classnum@=\count286
\DOTSCASE@=\count287
LaTeX Info: Redefining \ldots on input line 495.
LaTeX Info: Redefining \dots on input line 498.
LaTeX Info: Redefining \cdots on input line 619.
\Mathstrutbox@=\box53
\strutbox@=\box54
LaTeX Info: Redefining \big on input line 721.
LaTeX Info: Redefining \Big on input line 722.
LaTeX Info: Redefining \bigg on input line 723.
LaTeX Info: Redefining \Bigg on input line 724.
\big@size=\dimen155
LaTeX Font Info:    Redeclaring font encoding OML on input line 742.
LaTeX Font Info:    Redeclaring font encoding OMS on input line 743.
\macc@depth=\count288
LaTeX Info: Redefining \bmod on input line 904.
LaTeX Info: Redefining \pmod on input line 909.
LaTeX Info: Redefining \smash on input line 939.
LaTeX Info: Redefining \relbar on input line 969.
LaTeX Info: Redefining \Relbar on input line 970.
\c@MaxMatrixCols=\count289
\dotsspace@=\muskip17
\c@parentequation=\count290
\dspbrk@lvl=\count291
\tag@help=\toks20
\row@=\count292
\column@=\count293
\maxfields@=\count294
\andhelp@=\toks21
\eqnshift@=\dimen156
\alignsep@=\dimen157
\tagshift@=\dimen158
\tagwidth@=\dimen159
\totwidth@=\dimen160
\lineht@=\dimen161
\@envbody=\toks22
\multlinegap=\skip52
\multlinetaggap=\skip53
\mathdisplay@stack=\toks23
LaTeX Info: Redefining \[ on input line 2953.
LaTeX Info: Redefining \] on input line 2954.
)
(/home/andreaspanayi8/.miktex/texmfs/install/tex/latex/amsfonts/amssymb.sty
Package: amssymb 2013/01/14 v3.01 AMS font symbols

(/home/andreaspanayi8/.miktex/texmfs/install/tex/latex/amsfonts/amsfonts.sty
Package: amsfonts 2013/01/14 v3.01 Basic AMSFonts support
\symAMSa=\mathgroup4
\symAMSb=\mathgroup5
LaTeX Font Info:    Redeclaring math symbol \hbar on input line 98.
LaTeX Font Info:    Overwriting math alphabet `\mathfrak' in version `bold'
(Font)                  U/euf/m/n --> U/euf/b/n on input line 106.
))
(/home/andreaspanayi8/.miktex/texmfs/install/tex/latex/amscls/amsthm.sty
Package: amsthm 2020/05/29 v2.20.6
\thm@style=\toks24
\thm@bodyfont=\toks25
\thm@headfont=\toks26
\thm@notefont=\toks27
\thm@headpunct=\toks28
\thm@preskip=\skip54
\thm@postskip=\skip55
\thm@headsep=\skip56
\dth@everypar=\toks29
)
(/home/andreaspanayi8/.miktex/texmfs/install/tex/latex/mathtools/mathtools.sty
Package: mathtools 2024/10/04 v1.31 mathematical typesetting tools

(/home/andreaspanayi8/.miktex/texmfs/install/tex/latex/tools/calc.sty
Package: calc 2023/07/08 v4.3 Infix arithmetic (KKT,FJ)
\calc@Acount=\count295
\calc@Bcount=\count296
\calc@Adimen=\dimen162
\calc@Bdimen=\dimen163
\calc@Askip=\skip57
\calc@Bskip=\skip58
LaTeX Info: Redefining \setlength on input line 80.
LaTeX Info: Redefining \addtolength on input line 81.
\calc@Ccount=\count297
\calc@Cskip=\skip59
)
(/home/andreaspanayi8/.miktex/texmfs/install/tex/latex/mathtools/mhsetup.sty
Package: mhsetup 2021/03/18 v1.4 programming setup (MH)
)
\g_MT_multlinerow_int=\count298
\l_MT_multwidth_dim=\dimen164
\origjot=\skip60
\l_MT_shortvdotswithinadjustabove_dim=\dimen165
\l_MT_shortvdotswithinadjustbelow_dim=\dimen166
\l_MT_above_intertext_sep=\dimen167
\l_MT_below_intertext_sep=\dimen168
\l_MT_above_shortintertext_sep=\dimen169
\l_MT_below_shortintertext_sep=\dimen170
\xmathstrut@box=\box55
\xmathstrut@dim=\dimen171
)
(/home/andreaspanayi8/.miktex/texmfs/install/tex/latex/unicode-math/unicode-mat
h.sty
Package: unicode-math 2023/08/13 v0.8r Unicode maths in XeLaTeX and LuaLaTeX

(/home/andreaspanayi8/.miktex/texmfs/install/tex/latex/unicode-math/unicode-mat
h-xetex.sty
Package: unicode-math-xetex 2023/08/13 v0.8r Unicode maths in XeLaTeX and LuaLa
TeX

(/home/andreaspanayi8/.miktex/texmfs/install/tex/latex/l3packages/l3keys2e/l3ke
ys2e.sty
Package: l3keys2e 2024-08-16 LaTeX2e option processing using LaTeX3 keys
)
(/home/andreaspanayi8/.miktex/texmfs/install/tex/latex/base/fix-cm.sty
Package: fix-cm 2020/11/24 v1.1t fixes to LaTeX

(/home/andreaspanayi8/.miktex/texmfs/install/tex/latex/base/ts1enc.def
File: ts1enc.def 2001/06/05 v3.0e (jk/car/fm) Standard LaTeX file
LaTeX Font Info:    Redeclaring font encoding TS1 on input line 47.
))
\g__um_fam_int=\count299
\g__um_fonts_used_int=\count300
\l__um_primecount_int=\count301
\g__um_primekern_muskip=\muskip18

(/home/andreaspanayi8/.miktex/texmfs/install/tex/latex/unicode-math/unicode-mat
h-table.tex)))
(/home/andreaspanayi8/.miktex/texmfs/install/tex/latex/polyglossia/polyglossia.
sty
Package: polyglossia 2024/09/23 v2.3 Modern multilingual typesetting with XeLaT
eX and LuaLaTeX

(/home/andreaspanayi8/.miktex/texmfs/install/tex/latex/etoolbox/etoolbox.sty
Package: etoolbox 2020/10/05 v2.5k e-TeX tools for LaTeX (JAW)
\etb@tempcnta=\count302
)
\l_xpg_alias_keyvals_int=\count303

(/home/andreaspanayi8/.miktex/texmfs/install/tex/latex/polyglossia/gloss-latex.
ldf
File: gloss-latex.ldf polyglossia: module for default language


Package polyglossia Warning: No hyphenation patterns were loaded for `latex'
(polyglossia)                I will use \language=\l@nohyphenation instead.

\l@latex = a dialect from \language\l@nohyphenation 
))
(/home/andreaspanayi8/.miktex/texmfs/install/tex/latex/polyglossia/gloss-greek.
ldf
File: gloss-greek.ldf polyglossia: module for Greek


Package polyglossia Warning: No hyphenation patterns were loaded for `greek'
(polyglossia)                I will use \language=\l@nohyphenation instead.

\l@greek = a dialect from \language\l@nohyphenation 

(/home/andreaspanayi8/.miktex/texmfs/install/tex/latex/polyglossia/xgreek-fixes
.def)

Package polyglossia Warning: No hyphenation patterns were loaded for `greek'
(polyglossia)                I will use \language=\l@nohyphenation instead.

\l@greek = a dialect from \language\l@nohyphenation 

Package polyglossia Warning: No hyphenation patterns were loaded for Monotonic
(polyglossia)                Greek\MessageBreak I will use the patterns loaded
(polyglossia)                for \l@greek instead

\l@monogreek = a dialect from \language\l@greek 

Package polyglossia Warning: No hyphenation patterns were loaded for `greek'
(polyglossia)                I will use \language=\l@nohyphenation instead.

\l@greek = a dialect from \language\l@nohyphenation 

Package polyglossia Warning: No hyphenation patterns were loaded for Monotonic
(polyglossia)                Greek\MessageBreak I will use the patterns loaded
(polyglossia)                for \l@greek instead

\l@monogreek = a dialect from \language\l@greek 

Package polyglossia Warning: No hyphenation patterns were loaded for `greek'
(polyglossia)                I will use \language=\l@nohyphenation instead.

\l@greek = a dialect from \language\l@nohyphenation 

Package polyglossia Warning: No hyphenation patterns were loaded for Monotonic
(polyglossia)                Greek\MessageBreak I will use the patterns loaded
(polyglossia)                for \l@greek instead

\l@monogreek = a dialect from \language\l@greek 
\@attic@num=\count304
)

Package polyglossia Info: Default language is greek


(/home/andreaspanayi8/.miktex/texmfs/install/tex/latex/polyglossia/gloss-englis
h.ldf
File: gloss-english.ldf polyglossia: module for English


Package polyglossia Warning: No hyphenation patterns were loaded for `english'
(polyglossia)                I will use \language=\l@nohyphenation instead.

\l@english = a dialect from \language\l@nohyphenation 

Package polyglossia Warning: No hyphenation patterns for english found
(polyglossia)                Falling back to the default patterns (= English)!

\l@english = a dialect from \language0
)

! Package fontspec Error: 
(fontspec)                The font "Times New Roman" cannot be found; this
(fontspec)                may be but usually is not a fontspec bug. Either
(fontspec)                there is a typo in the font name/file, the font is
(fontspec)                not installed (correctly), or there is a bug in
(fontspec)                the underlying font loading engine
(fontspec)                (XeTeX/luaotfload).

For immediate help type H <return>.
 ...                                              
                                                  
l.16 \newfontfamily
                   \greekfontsf[Script=Greek, Scale=MatchLowercase]{Times Ne...


A font might not be found for many reasons.
 Check the spelling, where the font is installed etc. etc.

 When in doubt, ask someone for help!



Package fontspec Info: 
(fontspec)             Script 'Greek' not explicitly supported within font
(fontspec)             'Times New Roman'. Check the typeset output, and if it
(fontspec)             is okay then ignore this warning. Otherwise a different
(fontspec)             font should be chosen.


Package fontspec Info: 
(fontspec)             Could not resolve font "Times New Roman/BI" (it
(fontspec)             probably doesn't exist).


Package fontspec Info: 
(fontspec)             Could not resolve font "Times New Roman/B" (it probably
(fontspec)             doesn't exist).


Package fontspec Info: 
(fontspec)             Could not resolve font "Times New Roman/I" (it probably
(fontspec)             doesn't exist).


! Package fontspec Error: 
(fontspec)                The font "Times New Roman" cannot be found; this
(fontspec)                may be but usually is not a fontspec bug. Either
(fontspec)                there is a typo in the font name/file, the font is
(fontspec)                not installed (correctly), or there is a bug in
(fontspec)                the underlying font loading engine
(fontspec)                (XeTeX/luaotfload).

For immediate help type H <return>.
 ...                                              
                                                  
l.16 \newfontfamily
                   \greekfontsf[Script=Greek, Scale=MatchLowercase]{Times Ne...


A font might not be found for many reasons.
 Check the spelling, where the font is installed etc. etc.

 When in doubt, ask someone for help!



! Package fontspec Error: 
(fontspec)                The font "Times New Roman" cannot be found; this
(fontspec)                may be but usually is not a fontspec bug. Either
(fontspec)                there is a typo in the font name/file, the font is
(fontspec)                not installed (correctly), or there is a bug in
(fontspec)                the underlying font loading engine
(fontspec)                (XeTeX/luaotfload).

For immediate help type H <return>.
 ...                                              
                                                  
l.16 \newfontfamily
                   \greekfontsf[Script=Greek, Scale=MatchLowercase]{Times Ne...


A font might not be found for many reasons.
 Check the spelling, where the font is installed etc. etc.

 When in doubt, ask someone for help!



Package fontspec Info: 
(fontspec)             Font family 'TimesNewRoman(0)' created for font 'Times
(fontspec)             New Roman' with options [Script=Greek].
(fontspec)              
(fontspec)              This font family consists of the following NFSS
(fontspec)             series/shapes:
(fontspec)              
(fontspec)             - 'normal' (m/n) with NFSS spec.: <->"Times New
(fontspec)             Roman/OT"
(fontspec)             - 'small caps'  (m/sc) with NFSS spec.: <->"Times New
(fontspec)             Roman/OT"


! Package fontspec Error: 
(fontspec)                The font "Times New Roman" cannot be found; this
(fontspec)                may be but usually is not a fontspec bug. Either
(fontspec)                there is a typo in the font name/file, the font is
(fontspec)                not installed (correctly), or there is a bug in
(fontspec)                the underlying font loading engine
(fontspec)                (XeTeX/luaotfload).

For immediate help type H <return>.
 ...                                              
                                                  
l.17 ^^I\setmainfont
                    [Ligatures=TeX, Scale=MatchLowercase]{Times New Roman}

A font might not be found for many reasons.
 Check the spelling, where the font is installed etc. etc.

 When in doubt, ask someone for help!



Package fontspec Info: 
(fontspec)             Script 'Greek' not explicitly supported within font
(fontspec)             'Times New Roman'. Check the typeset output, and if it
(fontspec)             is okay then ignore this warning. Otherwise a different
(fontspec)             font should be chosen.

Missing character: There is no x in font nullfont!
! Use of \??? doesn't match its definition.
<argument> \???  
                 ! LaTeX Error: Invalid operation fp_to_decimal(inf)
l.17 ^^I\setmainfont
                    [Ligatures=TeX, Scale=MatchLowercase]{Times New Roman}
If you say, e.g., `\def\a1{...}', then you must always
put `1' after `\a', since control sequence names are
made up of letters only. The macro here has not been
followed by the required stuff, so I'm ignoring it.


Package fontspec Info: 
(fontspec)             Times New Roman scale =
(fontspec)             10000000000000000000000000000000000000000000000000000000
0000000000000000000000000000000000000000000000000000000000000000000000000000000
0000000000000000000000000000000000000000000000000000000000000000000000000000000
0000000000000000000000000000000000000000000000000000000000000000000000000000000
0000000000000000000000000000000000000000000000000000000000000000000000000000000
0000000000000000000000000000000000000000000000000000000000000000000000000000000
0000000000000000000000000000000000000000000000000000000000000000000000000000000
0000000000000000000000000000000000000000000000000000000000000000000000000000000
0000000000000000000000000000000000000000000000000000000000000000000000000000000
0000000000000000000000000000000000000000000000000000000000000000000000000000000
0000000000000000000000000000000000000000000000000000000000000000000000000000000
0000000000000000000000000000000000000000000000000000000000000000000000000000000
0000000000000000000000000000000000000000000000000000000000000000000000000000000
0000000000000000000000000000000000000000000000000000000000000000000000000000000
0000000000000000000000000000000000000000000000000000000000000000000000000000000
0000000000000000000000000000000000000000000000000000000000000000000000000000000
0000000000000000000000000000000000000000000000000000000000000000000000000000000
0000000000000000000000000000000000000000000000000000000000000000000000000000000
0000000000000000000000000000000000000000000000000000000000000000000000000000000
0000000000000000000000000000000000000000000000000000000000000000000000000000000
0000000000000000000000000000000000000000000000000000000000000000000000000000000
0000000000000000000000000000000000000000000000000000000000000000000000000000000
0000000000000000000000000000000000000000000000000000000000000000000000000000000
0000000000000000000000000000000000000000000000000000000000000000000000000000000
0000000000000000000000000000000000000000000000000000000000000000000000000000000
0000000000000000000000000000000000000000000000000000000000000000000000000000000
0000000000000000000000000000000000000000000000000000000000000000000000000000000
0000000000000000000000000000000000000000000000000000000000000000000000000000000
0000000000000000000000000000000000000000000000000000000000000000000000000000000
0000000000000000000000000000000000000000000000000000000000000000000000000000000
0000000000000000000000000000000000000000000000000000000000000000000000000000000
0000000000000000000000000000000000000000000000000000000000000000000000000000000
0000000000000000000000000000000000000000000000000000000000000000000000000000000
0000000000000000000000000000000000000000000000000000000000000000000000000000000
0000000000000000000000000000000000000000000000000000000000000000000000000000000
0000000000000000000000000000000000000000000000000000000000000000000000000000000
0000000000000000000000000000000000000000000000000000000000000000000000000000000
0000000000000000000000000000000000000000000000000000000000000000000000000000000
0000000000000000000000000000000000000000000000000000000000000000000000000000000
0000000000000000000000000000000000000000000000000000000000000000000000000000000
0000000000000000000000000000000000000000000000000000000000000000000000000000000
0000000000000000000000000000000000000000000000000000000000000000000000000000000
0000000000000000000000000000000000000000000000000000000000000000000000000000000
0000000000000000000000000000000000000000000000000000000000000000000000000000000
0000000000000000000000000000000000000000000000000000000000000000000000000000000
0000000000000000000000000000000000000000000000000000000000000000000000000000000
0000000000000000000000000000000000000000000000000000000000000000000000000000000
0000000000000000000000000000000000000000000000000000000000000000000000000000000
0000000000000000000000000000000000000000000000000000000000000000000000000000000
0000000000000000000000000000000000000000000000000000000000000000000000000000000
0000000000000000000000000000000000000000000000000000000000000000000000000000000
0000000000000000000000000000000000000000000000000000000000000000000000000000000
0000000000000000000000000000000000000000000000000000000000000000000000000000000
0000000000000000000000000000000000000000000000000000000000000000000000000000000
0000000000000000000000000000000000000000000000000000000000000000000000000000000
0000000000000000000000000000000000000000000000000000000000000000000000000000000
0000000000000000000000000000000000000000000000000000000000000000000000000000000
0000000000000000000000000000000000000000000000000000000000000000000000000000000
0000000000000000000000000000000000000000000000000000000000000000000000000000000
0000000000000000000000000000000000000000000000000000000000000000000000000000000
0000000000000000000000000000000000000000000000000000000000000000000000000000000
0000000000000000000000000000000000000000000000000000000000000000000000000000000
0000000000000000000000000000000000000000000000000000000000000000000000000000000
0000000000000000000000000000000000000000000000000000000000000000000000000000000
0000000000000000000000000000000000000000000000000000000000000000000000000000000
0000000000000000000000000000000000000000000000000000000000000000000000000000000
0000000000000000000000000000000000000000000000000000000000000000000000000000000
0000000000000000000000000000000000000000000000000000000000000000000000000000000
0000000000000000000000000000000000000000000000000000000000000000000000000000000
0000000000000000000000000000000000000000000000000000000000000000000000000000000
0000000000000000000000000000000000000000000000000000000000000000000000000000000
0000000000000000000000000000000000000000000000000000000000000000000000000000000
0000000000000000000000000000000000000000000000000000000000000000000000000000000
0000000000000000000000000000000000000000000000000000000000000000000000000000000
0000000000000000000000000000000000000000000000000000000000000000000000000000000
0000000000000000000000000000000000000000000000000000000000000000000000000000000
0000000000000000000000000000000000000000000000000000000000000000000000000000000
0000000000000000000000000000000000000000000000000000000000000000000000000000000
0000000000000000000000000000000000000000000000000000000000000000000000000000000
0000000000000000000000000000000000000000000000000000000000000000000000000000000
0000000000000000000000000000000000000000000000000000000000000000000000000000000
0000000000000000000000000000000000000000000000000000000000000000000000000000000
0000000000000000000000000000000000000000000000000000000000000000000000000000000
0000000000000000000000000000000000000000000000000000000000000000000000000000000
0000000000000000000000000000000000000000000000000000000000000000000000000000000
0000000000000000000000000000000000000000000000000000000000000000000000000000000
0000000000000000000000000000000000000000000000000000000000000000000000000000000
0000000000000000000000000000000000000000000000000000000000000000000000000000000
0000000000000000000000000000000000000000000000000000000000000000000000000000000
0000000000000000000000000000000000000000000000000000000000000000000000000000000
0000000000000000000000000000000000000000000000000000000000000000000000000000000
0000000000000000000000000000000000000000000000000000000000000000000000000000000
0000000000000000000000000000000000000000000000000000000000000000000000000000000
0000000000000000000000000000000000000000000000000000000000000000000000000000000
0000000000000000000000000000000000000000000000000000000000000000000000000000000
0000000000000000000000000000000000000000000000000000000000000000000000000000000
0000000000000000000000000000000000000000000000000000000000000000000000000000000
0000000000000000000000000000000000000000000000000000000000000000000000000000000
0000000000000000000000000000000000000000000000000000000000000000000000000000000
0000000000000000000000000000000000000000000000000000000000000000000000000000000
0000000000000000000000000000000000000000000000000000000000000000000000000000000
0000000000000000000000000000000000000000000000000000000000000000000000000000000
0000000000000000000000000000000000000000000000000000000000000000000000000000000
0000000000000000000000000000000000000000000000000000000000000000000000000000000
0000000000000000000000000000000000000000000000000000000000000000000000000000000
0000000000000000000000000000000000000000000000000000000000000000000000000000000
0000000000000000000000000000000000000000000000000000000000000000000000000000000
0000000000000000000000000000000000000000000000000000000000000000000000000000000
0000000000000000000000000000000000000000000000000000000000000000000000000000000
0000000000000000000000000000000000000000000000000000000000000000000000000000000
0000000000000000000000000000000000000000000000000000000000000000000000000000000
0000000000000000000000000000000000000000000000000000000000000000000000000000000
0000000000000000000000000000000000000000000000000000000000000000000000000000000
0000000000000000000000000000000000000000000000000000000000000000000000000000000
0000000000000000000000000000000000000000000000000000000000000000000000000000000
0000000000000000000000000000000000000000000000000000000000000000000000000000000
0000000000000000000000000000000000000000000000000000000000000000000000000000000
0000000000000000000000000000000000000000000000000000000000000000000000000000000
0000000000000000000000000000000000000000000000000000000000000000000000000000000
0000000000000000000000000000000000000000000000000000000000000000000000000000000
0000000000000000000000000000000000000000000000000000000000000000000000000000000
0000000000000000000000000000000000000000000000000000000000000000000000000000000
0000000000000000000000000000000000000000000000000000000000000000000000000000000
0000000000000000000000000000000000000000000000000000000000000000000000000000000
0000000000000000000000000000000000000000000000000000000000000000000000000000000
0000000000000000000000000000000000000000000000000000000000000000000000000000000
0000000000000000000000000000000000000000000000000000000000000000000000.


Package fontspec Info: 
(fontspec)             Could not resolve font "Times New Roman/BI" (it
(fontspec)             probably doesn't exist).


Package fontspec Info: 
(fontspec)             Could not resolve font "Times New Roman/B" (it probably
(fontspec)             doesn't exist).


Package fontspec Info: 
(fontspec)             Could not resolve font "Times New Roman/I" (it probably
(fontspec)             doesn't exist).


! Package fontspec Error: 
(fontspec)                The font "Times New Roman" cannot be found; this
(fontspec)                may be but usually is not a fontspec bug. Either
(fontspec)                there is a typo in the font name/file, the font is
(fontspec)                not installed (correctly), or there is a bug in
(fontspec)                the underlying font loading engine
(fontspec)                (XeTeX/luaotfload).

For immediate help type H <return>.
 ...                                              
                                                  
l.17 ^^I\setmainfont
                    [Ligatures=TeX, Scale=MatchLowercase]{Times New Roman}

A font might not be found for many reasons.
 Check the spelling, where the font is installed etc. etc.

 When in doubt, ask someone for help!



! Package fontspec Error: 
(fontspec)                The font "Times New Roman" cannot be found; this
(fontspec)                may be but usually is not a fontspec bug. Either
(fontspec)                there is a typo in the font name/file, the font is
(fontspec)                not installed (correctly), or there is a bug in
(fontspec)                the underlying font loading engine
(fontspec)                (XeTeX/luaotfload).

For immediate help type H <return>.
 ...                                              
                                                  
l.17 ^^I\setmainfont
                    [Ligatures=TeX, Scale=MatchLowercase]{Times New Roman}

A font might not be found for many reasons.
 Check the spelling, where the font is installed etc. etc.

 When in doubt, ask someone for help!


Missing character: There is no x in font nullfont!
! Use of \??? doesn't match its definition.
<argument> \???  
                 ! LaTeX Error: Invalid operation fp_to_decimal(inf)
l.17 ^^I\setmainfont
                    [Ligatures=TeX, Scale=MatchLowercase]{Times New Roman}
If you say, e.g., `\def\a1{...}', then you must always
put `1' after `\a', since control sequence names are
made up of letters only. The macro here has not been
followed by the required stuff, so I'm ignoring it.


Package fontspec Info: 
(fontspec)             Times New Roman scale =
(fontspec)             10000000000000000000000000000000000000000000000000000000
0000000000000000000000000000000000000000000000000000000000000000000000000000000
0000000000000000000000000000000000000000000000000000000000000000000000000000000
0000000000000000000000000000000000000000000000000000000000000000000000000000000
0000000000000000000000000000000000000000000000000000000000000000000000000000000
0000000000000000000000000000000000000000000000000000000000000000000000000000000
0000000000000000000000000000000000000000000000000000000000000000000000000000000
0000000000000000000000000000000000000000000000000000000000000000000000000000000
0000000000000000000000000000000000000000000000000000000000000000000000000000000
0000000000000000000000000000000000000000000000000000000000000000000000000000000
0000000000000000000000000000000000000000000000000000000000000000000000000000000
0000000000000000000000000000000000000000000000000000000000000000000000000000000
0000000000000000000000000000000000000000000000000000000000000000000000000000000
0000000000000000000000000000000000000000000000000000000000000000000000000000000
0000000000000000000000000000000000000000000000000000000000000000000000000000000
0000000000000000000000000000000000000000000000000000000000000000000000000000000
0000000000000000000000000000000000000000000000000000000000000000000000000000000
0000000000000000000000000000000000000000000000000000000000000000000000000000000
0000000000000000000000000000000000000000000000000000000000000000000000000000000
0000000000000000000000000000000000000000000000000000000000000000000000000000000
0000000000000000000000000000000000000000000000000000000000000000000000000000000
0000000000000000000000000000000000000000000000000000000000000000000000000000000
0000000000000000000000000000000000000000000000000000000000000000000000000000000
0000000000000000000000000000000000000000000000000000000000000000000000000000000
0000000000000000000000000000000000000000000000000000000000000000000000000000000
0000000000000000000000000000000000000000000000000000000000000000000000000000000
0000000000000000000000000000000000000000000000000000000000000000000000000000000
0000000000000000000000000000000000000000000000000000000000000000000000000000000
0000000000000000000000000000000000000000000000000000000000000000000000000000000
0000000000000000000000000000000000000000000000000000000000000000000000000000000
0000000000000000000000000000000000000000000000000000000000000000000000000000000
0000000000000000000000000000000000000000000000000000000000000000000000000000000
0000000000000000000000000000000000000000000000000000000000000000000000000000000
0000000000000000000000000000000000000000000000000000000000000000000000000000000
0000000000000000000000000000000000000000000000000000000000000000000000000000000
0000000000000000000000000000000000000000000000000000000000000000000000000000000
0000000000000000000000000000000000000000000000000000000000000000000000000000000
0000000000000000000000000000000000000000000000000000000000000000000000000000000
0000000000000000000000000000000000000000000000000000000000000000000000000000000
0000000000000000000000000000000000000000000000000000000000000000000000000000000
0000000000000000000000000000000000000000000000000000000000000000000000000000000
0000000000000000000000000000000000000000000000000000000000000000000000000000000
0000000000000000000000000000000000000000000000000000000000000000000000000000000
0000000000000000000000000000000000000000000000000000000000000000000000000000000
0000000000000000000000000000000000000000000000000000000000000000000000000000000
0000000000000000000000000000000000000000000000000000000000000000000000000000000
0000000000000000000000000000000000000000000000000000000000000000000000000000000
0000000000000000000000000000000000000000000000000000000000000000000000000000000
0000000000000000000000000000000000000000000000000000000000000000000000000000000
0000000000000000000000000000000000000000000000000000000000000000000000000000000
0000000000000000000000000000000000000000000000000000000000000000000000000000000
0000000000000000000000000000000000000000000000000000000000000000000000000000000
0000000000000000000000000000000000000000000000000000000000000000000000000000000
0000000000000000000000000000000000000000000000000000000000000000000000000000000
0000000000000000000000000000000000000000000000000000000000000000000000000000000
0000000000000000000000000000000000000000000000000000000000000000000000000000000
0000000000000000000000000000000000000000000000000000000000000000000000000000000
0000000000000000000000000000000000000000000000000000000000000000000000000000000
0000000000000000000000000000000000000000000000000000000000000000000000000000000
0000000000000000000000000000000000000000000000000000000000000000000000000000000
0000000000000000000000000000000000000000000000000000000000000000000000000000000
0000000000000000000000000000000000000000000000000000000000000000000000000000000
0000000000000000000000000000000000000000000000000000000000000000000000000000000
0000000000000000000000000000000000000000000000000000000000000000000000000000000
0000000000000000000000000000000000000000000000000000000000000000000000000000000
0000000000000000000000000000000000000000000000000000000000000000000000000000000
0000000000000000000000000000000000000000000000000000000000000000000000000000000
0000000000000000000000000000000000000000000000000000000000000000000000000000000
0000000000000000000000000000000000000000000000000000000000000000000000000000000
0000000000000000000000000000000000000000000000000000000000000000000000000000000
0000000000000000000000000000000000000000000000000000000000000000000000000000000
0000000000000000000000000000000000000000000000000000000000000000000000000000000
0000000000000000000000000000000000000000000000000000000000000000000000000000000
0000000000000000000000000000000000000000000000000000000000000000000000000000000
0000000000000000000000000000000000000000000000000000000000000000000000000000000
0000000000000000000000000000000000000000000000000000000000000000000000000000000
0000000000000000000000000000000000000000000000000000000000000000000000000000000
0000000000000000000000000000000000000000000000000000000000000000000000000000000
0000000000000000000000000000000000000000000000000000000000000000000000000000000
0000000000000000000000000000000000000000000000000000000000000000000000000000000
0000000000000000000000000000000000000000000000000000000000000000000000000000000
0000000000000000000000000000000000000000000000000000000000000000000000000000000
0000000000000000000000000000000000000000000000000000000000000000000000000000000
0000000000000000000000000000000000000000000000000000000000000000000000000000000
0000000000000000000000000000000000000000000000000000000000000000000000000000000
0000000000000000000000000000000000000000000000000000000000000000000000000000000
0000000000000000000000000000000000000000000000000000000000000000000000000000000
0000000000000000000000000000000000000000000000000000000000000000000000000000000
0000000000000000000000000000000000000000000000000000000000000000000000000000000
0000000000000000000000000000000000000000000000000000000000000000000000000000000
0000000000000000000000000000000000000000000000000000000000000000000000000000000
0000000000000000000000000000000000000000000000000000000000000000000000000000000
0000000000000000000000000000000000000000000000000000000000000000000000000000000
0000000000000000000000000000000000000000000000000000000000000000000000000000000
0000000000000000000000000000000000000000000000000000000000000000000000000000000
0000000000000000000000000000000000000000000000000000000000000000000000000000000
0000000000000000000000000000000000000000000000000000000000000000000000000000000
0000000000000000000000000000000000000000000000000000000000000000000000000000000
0000000000000000000000000000000000000000000000000000000000000000000000000000000
0000000000000000000000000000000000000000000000000000000000000000000000000000000
0000000000000000000000000000000000000000000000000000000000000000000000000000000
0000000000000000000000000000000000000000000000000000000000000000000000000000000
0000000000000000000000000000000000000000000000000000000000000000000000000000000
0000000000000000000000000000000000000000000000000000000000000000000000000000000
0000000000000000000000000000000000000000000000000000000000000000000000000000000
0000000000000000000000000000000000000000000000000000000000000000000000000000000
0000000000000000000000000000000000000000000000000000000000000000000000000000000
0000000000000000000000000000000000000000000000000000000000000000000000000000000
0000000000000000000000000000000000000000000000000000000000000000000000000000000
0000000000000000000000000000000000000000000000000000000000000000000000000000000
0000000000000000000000000000000000000000000000000000000000000000000000000000000
0000000000000000000000000000000000000000000000000000000000000000000000000000000
0000000000000000000000000000000000000000000000000000000000000000000000000000000
0000000000000000000000000000000000000000000000000000000000000000000000000000000
0000000000000000000000000000000000000000000000000000000000000000000000000000000
0000000000000000000000000000000000000000000000000000000000000000000000000000000
0000000000000000000000000000000000000000000000000000000000000000000000000000000
0000000000000000000000000000000000000000000000000000000000000000000000000000000
0000000000000000000000000000000000000000000000000000000000000000000000000000000
0000000000000000000000000000000000000000000000000000000000000000000000000000000
0000000000000000000000000000000000000000000000000000000000000000000000000000000
0000000000000000000000000000000000000000000000000000000000000000000000000000000
0000000000000000000000000000000000000000000000000000000000000000000000000000000
0000000000000000000000000000000000000000000000000000000000000000000000000000000
0000000000000000000000000000000000000000000000000000000000000000000000000000000
0000000000000000000000000000000000000000000000000000000000000000000000000000000
0000000000000000000000000000000000000000000000000000000000000000000000.

Missing character: There is no x in font nullfont!
! Use of \??? doesn't match its definition.
<argument> \???  
                 ! LaTeX Error: Invalid operation fp_to_decimal(inf)
l.17 ^^I\setmainfont
                    [Ligatures=TeX, Scale=MatchLowercase]{Times New Roman}
If you say, e.g., `\def\a1{...}', then you must always
put `1' after `\a', since control sequence names are
made up of letters only. The macro here has not been
followed by the required stuff, so I'm ignoring it.


Package fontspec Info: 
(fontspec)             Times New Roman scale =
(fontspec)             10000000000000000000000000000000000000000000000000000000
0000000000000000000000000000000000000000000000000000000000000000000000000000000
0000000000000000000000000000000000000000000000000000000000000000000000000000000
0000000000000000000000000000000000000000000000000000000000000000000000000000000
0000000000000000000000000000000000000000000000000000000000000000000000000000000
0000000000000000000000000000000000000000000000000000000000000000000000000000000
0000000000000000000000000000000000000000000000000000000000000000000000000000000
0000000000000000000000000000000000000000000000000000000000000000000000000000000
0000000000000000000000000000000000000000000000000000000000000000000000000000000
0000000000000000000000000000000000000000000000000000000000000000000000000000000
0000000000000000000000000000000000000000000000000000000000000000000000000000000
0000000000000000000000000000000000000000000000000000000000000000000000000000000
0000000000000000000000000000000000000000000000000000000000000000000000000000000
0000000000000000000000000000000000000000000000000000000000000000000000000000000
0000000000000000000000000000000000000000000000000000000000000000000000000000000
0000000000000000000000000000000000000000000000000000000000000000000000000000000
0000000000000000000000000000000000000000000000000000000000000000000000000000000
0000000000000000000000000000000000000000000000000000000000000000000000000000000
0000000000000000000000000000000000000000000000000000000000000000000000000000000
0000000000000000000000000000000000000000000000000000000000000000000000000000000
0000000000000000000000000000000000000000000000000000000000000000000000000000000
0000000000000000000000000000000000000000000000000000000000000000000000000000000
0000000000000000000000000000000000000000000000000000000000000000000000000000000
0000000000000000000000000000000000000000000000000000000000000000000000000000000
0000000000000000000000000000000000000000000000000000000000000000000000000000000
0000000000000000000000000000000000000000000000000000000000000000000000000000000
0000000000000000000000000000000000000000000000000000000000000000000000000000000
0000000000000000000000000000000000000000000000000000000000000000000000000000000
0000000000000000000000000000000000000000000000000000000000000000000000000000000
0000000000000000000000000000000000000000000000000000000000000000000000000000000
0000000000000000000000000000000000000000000000000000000000000000000000000000000
0000000000000000000000000000000000000000000000000000000000000000000000000000000
0000000000000000000000000000000000000000000000000000000000000000000000000000000
0000000000000000000000000000000000000000000000000000000000000000000000000000000
0000000000000000000000000000000000000000000000000000000000000000000000000000000
0000000000000000000000000000000000000000000000000000000000000000000000000000000
0000000000000000000000000000000000000000000000000000000000000000000000000000000
0000000000000000000000000000000000000000000000000000000000000000000000000000000
0000000000000000000000000000000000000000000000000000000000000000000000000000000
0000000000000000000000000000000000000000000000000000000000000000000000000000000
0000000000000000000000000000000000000000000000000000000000000000000000000000000
0000000000000000000000000000000000000000000000000000000000000000000000000000000
0000000000000000000000000000000000000000000000000000000000000000000000000000000
0000000000000000000000000000000000000000000000000000000000000000000000000000000
0000000000000000000000000000000000000000000000000000000000000000000000000000000
0000000000000000000000000000000000000000000000000000000000000000000000000000000
0000000000000000000000000000000000000000000000000000000000000000000000000000000
0000000000000000000000000000000000000000000000000000000000000000000000000000000
0000000000000000000000000000000000000000000000000000000000000000000000000000000
0000000000000000000000000000000000000000000000000000000000000000000000000000000
0000000000000000000000000000000000000000000000000000000000000000000000000000000
0000000000000000000000000000000000000000000000000000000000000000000000000000000
0000000000000000000000000000000000000000000000000000000000000000000000000000000
0000000000000000000000000000000000000000000000000000000000000000000000000000000
0000000000000000000000000000000000000000000000000000000000000000000000000000000
0000000000000000000000000000000000000000000000000000000000000000000000000000000
0000000000000000000000000000000000000000000000000000000000000000000000000000000
0000000000000000000000000000000000000000000000000000000000000000000000000000000
0000000000000000000000000000000000000000000000000000000000000000000000000000000
0000000000000000000000000000000000000000000000000000000000000000000000000000000
0000000000000000000000000000000000000000000000000000000000000000000000000000000
0000000000000000000000000000000000000000000000000000000000000000000000000000000
0000000000000000000000000000000000000000000000000000000000000000000000000000000
0000000000000000000000000000000000000000000000000000000000000000000000000000000
0000000000000000000000000000000000000000000000000000000000000000000000000000000
0000000000000000000000000000000000000000000000000000000000000000000000000000000
0000000000000000000000000000000000000000000000000000000000000000000000000000000
0000000000000000000000000000000000000000000000000000000000000000000000000000000
0000000000000000000000000000000000000000000000000000000000000000000000000000000
0000000000000000000000000000000000000000000000000000000000000000000000000000000
0000000000000000000000000000000000000000000000000000000000000000000000000000000
0000000000000000000000000000000000000000000000000000000000000000000000000000000
0000000000000000000000000000000000000000000000000000000000000000000000000000000
0000000000000000000000000000000000000000000000000000000000000000000000000000000
0000000000000000000000000000000000000000000000000000000000000000000000000000000
0000000000000000000000000000000000000000000000000000000000000000000000000000000
0000000000000000000000000000000000000000000000000000000000000000000000000000000
0000000000000000000000000000000000000000000000000000000000000000000000000000000
0000000000000000000000000000000000000000000000000000000000000000000000000000000
0000000000000000000000000000000000000000000000000000000000000000000000000000000
0000000000000000000000000000000000000000000000000000000000000000000000000000000
0000000000000000000000000000000000000000000000000000000000000000000000000000000
0000000000000000000000000000000000000000000000000000000000000000000000000000000
0000000000000000000000000000000000000000000000000000000000000000000000000000000
0000000000000000000000000000000000000000000000000000000000000000000000000000000
0000000000000000000000000000000000000000000000000000000000000000000000000000000
0000000000000000000000000000000000000000000000000000000000000000000000000000000
0000000000000000000000000000000000000000000000000000000000000000000000000000000
0000000000000000000000000000000000000000000000000000000000000000000000000000000
0000000000000000000000000000000000000000000000000000000000000000000000000000000
0000000000000000000000000000000000000000000000000000000000000000000000000000000
0000000000000000000000000000000000000000000000000000000000000000000000000000000
0000000000000000000000000000000000000000000000000000000000000000000000000000000
0000000000000000000000000000000000000000000000000000000000000000000000000000000
0000000000000000000000000000000000000000000000000000000000000000000000000000000
0000000000000000000000000000000000000000000000000000000000000000000000000000000
0000000000000000000000000000000000000000000000000000000000000000000000000000000
0000000000000000000000000000000000000000000000000000000000000000000000000000000
0000000000000000000000000000000000000000000000000000000000000000000000000000000
0000000000000000000000000000000000000000000000000000000000000000000000000000000
0000000000000000000000000000000000000000000000000000000000000000000000000000000
0000000000000000000000000000000000000000000000000000000000000000000000000000000
0000000000000000000000000000000000000000000000000000000000000000000000000000000
0000000000000000000000000000000000000000000000000000000000000000000000000000000
0000000000000000000000000000000000000000000000000000000000000000000000000000000
0000000000000000000000000000000000000000000000000000000000000000000000000000000
0000000000000000000000000000000000000000000000000000000000000000000000000000000
0000000000000000000000000000000000000000000000000000000000000000000000000000000
0000000000000000000000000000000000000000000000000000000000000000000000000000000
0000000000000000000000000000000000000000000000000000000000000000000000000000000
0000000000000000000000000000000000000000000000000000000000000000000000000000000
0000000000000000000000000000000000000000000000000000000000000000000000000000000
0000000000000000000000000000000000000000000000000000000000000000000000000000000
0000000000000000000000000000000000000000000000000000000000000000000000000000000
0000000000000000000000000000000000000000000000000000000000000000000000000000000
0000000000000000000000000000000000000000000000000000000000000000000000000000000
0000000000000000000000000000000000000000000000000000000000000000000000000000000
0000000000000000000000000000000000000000000000000000000000000000000000000000000
0000000000000000000000000000000000000000000000000000000000000000000000000000000
0000000000000000000000000000000000000000000000000000000000000000000000000000000
0000000000000000000000000000000000000000000000000000000000000000000000000000000
0000000000000000000000000000000000000000000000000000000000000000000000000000000
0000000000000000000000000000000000000000000000000000000000000000000000000000000
0000000000000000000000000000000000000000000000000000000000000000000000000000000
0000000000000000000000000000000000000000000000000000000000000000000000000000000
0000000000000000000000000000000000000000000000000000000000000000000000000000000
0000000000000000000000000000000000000000000000000000000000000000000000.


Package fontspec Info: 
(fontspec)             Font family 'TimesNewRoman(1)' created for font 'Times
(fontspec)             New Roman' with options
(fontspec)             [Script=Greek,Scale=MatchLowercase].
(fontspec)              
(fontspec)              This font family consists of the following NFSS
(fontspec)             series/shapes:
(fontspec)              
(fontspec)             - 'normal' (m/n) with NFSS spec.:
(fontspec)             <->s*[10000000000000000000000000000000000000000000000000
0000000000000000000000000000000000000000000000000000000000000000000000000000000
0000000000000000000000000000000000000000000000000000000000000000000000000000000
0000000000000000000000000000000000000000000000000000000000000000000000000000000
0000000000000000000000000000000000000000000000000000000000000000000000000000000
0000000000000000000000000000000000000000000000000000000000000000000000000000000
0000000000000000000000000000000000000000000000000000000000000000000000000000000
0000000000000000000000000000000000000000000000000000000000000000000000000000000
0000000000000000000000000000000000000000000000000000000000000000000000000000000
0000000000000000000000000000000000000000000000000000000000000000000000000000000
0000000000000000000000000000000000000000000000000000000000000000000000000000000
0000000000000000000000000000000000000000000000000000000000000000000000000000000
0000000000000000000000000000000000000000000000000000000000000000000000000000000
0000000000000000000000000000000000000000000000000000000000000000000000000000000
0000000000000000000000000000000000000000000000000000000000000000000000000000000
0000000000000000000000000000000000000000000000000000000000000000000000000000000
0000000000000000000000000000000000000000000000000000000000000000000000000000000
0000000000000000000000000000000000000000000000000000000000000000000000000000000
0000000000000000000000000000000000000000000000000000000000000000000000000000000
0000000000000000000000000000000000000000000000000000000000000000000000000000000
0000000000000000000000000000000000000000000000000000000000000000000000000000000
0000000000000000000000000000000000000000000000000000000000000000000000000000000
0000000000000000000000000000000000000000000000000000000000000000000000000000000
0000000000000000000000000000000000000000000000000000000000000000000000000000000
0000000000000000000000000000000000000000000000000000000000000000000000000000000
0000000000000000000000000000000000000000000000000000000000000000000000000000000
0000000000000000000000000000000000000000000000000000000000000000000000000000000
0000000000000000000000000000000000000000000000000000000000000000000000000000000
0000000000000000000000000000000000000000000000000000000000000000000000000000000
0000000000000000000000000000000000000000000000000000000000000000000000000000000
0000000000000000000000000000000000000000000000000000000000000000000000000000000
0000000000000000000000000000000000000000000000000000000000000000000000000000000
0000000000000000000000000000000000000000000000000000000000000000000000000000000
0000000000000000000000000000000000000000000000000000000000000000000000000000000
0000000000000000000000000000000000000000000000000000000000000000000000000000000
0000000000000000000000000000000000000000000000000000000000000000000000000000000
0000000000000000000000000000000000000000000000000000000000000000000000000000000
0000000000000000000000000000000000000000000000000000000000000000000000000000000
0000000000000000000000000000000000000000000000000000000000000000000000000000000
0000000000000000000000000000000000000000000000000000000000000000000000000000000
0000000000000000000000000000000000000000000000000000000000000000000000000000000
0000000000000000000000000000000000000000000000000000000000000000000000000000000
0000000000000000000000000000000000000000000000000000000000000000000000000000000
0000000000000000000000000000000000000000000000000000000000000000000000000000000
0000000000000000000000000000000000000000000000000000000000000000000000000000000
0000000000000000000000000000000000000000000000000000000000000000000000000000000
0000000000000000000000000000000000000000000000000000000000000000000000000000000
0000000000000000000000000000000000000000000000000000000000000000000000000000000
0000000000000000000000000000000000000000000000000000000000000000000000000000000
0000000000000000000000000000000000000000000000000000000000000000000000000000000
0000000000000000000000000000000000000000000000000000000000000000000000000000000
0000000000000000000000000000000000000000000000000000000000000000000000000000000
0000000000000000000000000000000000000000000000000000000000000000000000000000000
0000000000000000000000000000000000000000000000000000000000000000000000000000000
0000000000000000000000000000000000000000000000000000000000000000000000000000000
0000000000000000000000000000000000000000000000000000000000000000000000000000000
0000000000000000000000000000000000000000000000000000000000000000000000000000000
0000000000000000000000000000000000000000000000000000000000000000000000000000000
0000000000000000000000000000000000000000000000000000000000000000000000000000000
0000000000000000000000000000000000000000000000000000000000000000000000000000000
0000000000000000000000000000000000000000000000000000000000000000000000000000000
0000000000000000000000000000000000000000000000000000000000000000000000000000000
0000000000000000000000000000000000000000000000000000000000000000000000000000000
0000000000000000000000000000000000000000000000000000000000000000000000000000000
0000000000000000000000000000000000000000000000000000000000000000000000000000000
0000000000000000000000000000000000000000000000000000000000000000000000000000000
0000000000000000000000000000000000000000000000000000000000000000000000000000000
0000000000000000000000000000000000000000000000000000000000000000000000000000000
0000000000000000000000000000000000000000000000000000000000000000000000000000000
0000000000000000000000000000000000000000000000000000000000000000000000000000000
0000000000000000000000000000000000000000000000000000000000000000000000000000000
0000000000000000000000000000000000000000000000000000000000000000000000000000000
0000000000000000000000000000000000000000000000000000000000000000000000000000000
0000000000000000000000000000000000000000000000000000000000000000000000000000000
0000000000000000000000000000000000000000000000000000000000000000000000000000000
0000000000000000000000000000000000000000000000000000000000000000000000000000000
0000000000000000000000000000000000000000000000000000000000000000000000000000000
0000000000000000000000000000000000000000000000000000000000000000000000000000000
0000000000000000000000000000000000000000000000000000000000000000000000000000000
0000000000000000000000000000000000000000000000000000000000000000000000000000000
0000000000000000000000000000000000000000000000000000000000000000000000000000000
0000000000000000000000000000000000000000000000000000000000000000000000000000000
0000000000000000000000000000000000000000000000000000000000000000000000000000000
0000000000000000000000000000000000000000000000000000000000000000000000000000000
0000000000000000000000000000000000000000000000000000000000000000000000000000000
0000000000000000000000000000000000000000000000000000000000000000000000000000000
0000000000000000000000000000000000000000000000000000000000000000000000000000000
0000000000000000000000000000000000000000000000000000000000000000000000000000000
0000000000000000000000000000000000000000000000000000000000000000000000000000000
0000000000000000000000000000000000000000000000000000000000000000000000000000000
0000000000000000000000000000000000000000000000000000000000000000000000000000000
0000000000000000000000000000000000000000000000000000000000000000000000000000000
0000000000000000000000000000000000000000000000000000000000000000000000000000000
0000000000000000000000000000000000000000000000000000000000000000000000000000000
0000000000000000000000000000000000000000000000000000000000000000000000000000000
0000000000000000000000000000000000000000000000000000000000000000000000000000000
0000000000000000000000000000000000000000000000000000000000000000000000000000000
0000000000000000000000000000000000000000000000000000000000000000000000000000000
0000000000000000000000000000000000000000000000000000000000000000000000000000000
0000000000000000000000000000000000000000000000000000000000000000000000000000000
0000000000000000000000000000000000000000000000000000000000000000000000000000000
0000000000000000000000000000000000000000000000000000000000000000000000000000000
0000000000000000000000000000000000000000000000000000000000000000000000000000000
0000000000000000000000000000000000000000000000000000000000000000000000000000000
0000000000000000000000000000000000000000000000000000000000000000000000000000000
0000000000000000000000000000000000000000000000000000000000000000000000000000000
0000000000000000000000000000000000000000000000000000000000000000000000000000000
0000000000000000000000000000000000000000000000000000000000000000000000000000000
0000000000000000000000000000000000000000000000000000000000000000000000000000000
0000000000000000000000000000000000000000000000000000000000000000000000000000000
0000000000000000000000000000000000000000000000000000000000000000000000000000000
0000000000000000000000000000000000000000000000000000000000000000000000000000000
0000000000000000000000000000000000000000000000000000000000000000000000000000000
0000000000000000000000000000000000000000000000000000000000000000000000000000000
0000000000000000000000000000000000000000000000000000000000000000000000000000000
0000000000000000000000000000000000000000000000000000000000000000000000000000000
0000000000000000000000000000000000000000000000000000000000000000000000000000000
0000000000000000000000000000000000000000000000000000000000000000000000000000000
0000000000000000000000000000000000000000000000000000000000000000000000000000000
0000000000000000000000000000000000000000000000000000000000000000000000000000000
0000000000000000000000000000000000000000000000000000000000000000000000000000000
0000000000000000000000000000000000000000000000000000000000000000000000000000000
0000000000000000000000000000000000000000000000000000000000000000000000000000000
0000000000000000000000000000000000000000000000000000000000000000000000000000000
0000000000000000000000000000000000000000000000000000000000000000000000000000000
0000000000000000000000000000000000000000000000000000000000000000000000000000000
0000000000000000000000000000000000000000000000000000000000000000000000000000]"T
imes
(fontspec)             New Roman/OT"
(fontspec)             - 'small caps'  (m/sc) with NFSS spec.:
(fontspec)             <->s*[10000000000000000000000000000000000000000000000000
0000000000000000000000000000000000000000000000000000000000000000000000000000000
0000000000000000000000000000000000000000000000000000000000000000000000000000000
0000000000000000000000000000000000000000000000000000000000000000000000000000000
0000000000000000000000000000000000000000000000000000000000000000000000000000000
0000000000000000000000000000000000000000000000000000000000000000000000000000000
0000000000000000000000000000000000000000000000000000000000000000000000000000000
0000000000000000000000000000000000000000000000000000000000000000000000000000000
0000000000000000000000000000000000000000000000000000000000000000000000000000000
0000000000000000000000000000000000000000000000000000000000000000000000000000000
0000000000000000000000000000000000000000000000000000000000000000000000000000000
0000000000000000000000000000000000000000000000000000000000000000000000000000000
0000000000000000000000000000000000000000000000000000000000000000000000000000000
0000000000000000000000000000000000000000000000000000000000000000000000000000000
0000000000000000000000000000000000000000000000000000000000000000000000000000000
0000000000000000000000000000000000000000000000000000000000000000000000000000000
0000000000000000000000000000000000000000000000000000000000000000000000000000000
0000000000000000000000000000000000000000000000000000000000000000000000000000000
0000000000000000000000000000000000000000000000000000000000000000000000000000000
0000000000000000000000000000000000000000000000000000000000000000000000000000000
0000000000000000000000000000000000000000000000000000000000000000000000000000000
0000000000000000000000000000000000000000000000000000000000000000000000000000000
0000000000000000000000000000000000000000000000000000000000000000000000000000000
0000000000000000000000000000000000000000000000000000000000000000000000000000000
0000000000000000000000000000000000000000000000000000000000000000000000000000000
0000000000000000000000000000000000000000000000000000000000000000000000000000000
0000000000000000000000000000000000000000000000000000000000000000000000000000000
0000000000000000000000000000000000000000000000000000000000000000000000000000000
0000000000000000000000000000000000000000000000000000000000000000000000000000000
0000000000000000000000000000000000000000000000000000000000000000000000000000000
0000000000000000000000000000000000000000000000000000000000000000000000000000000
0000000000000000000000000000000000000000000000000000000000000000000000000000000
0000000000000000000000000000000000000000000000000000000000000000000000000000000
0000000000000000000000000000000000000000000000000000000000000000000000000000000
0000000000000000000000000000000000000000000000000000000000000000000000000000000
0000000000000000000000000000000000000000000000000000000000000000000000000000000
0000000000000000000000000000000000000000000000000000000000000000000000000000000
0000000000000000000000000000000000000000000000000000000000000000000000000000000
0000000000000000000000000000000000000000000000000000000000000000000000000000000
0000000000000000000000000000000000000000000000000000000000000000000000000000000
0000000000000000000000000000000000000000000000000000000000000000000000000000000
0000000000000000000000000000000000000000000000000000000000000000000000000000000
0000000000000000000000000000000000000000000000000000000000000000000000000000000
0000000000000000000000000000000000000000000000000000000000000000000000000000000
0000000000000000000000000000000000000000000000000000000000000000000000000000000
0000000000000000000000000000000000000000000000000000000000000000000000000000000
0000000000000000000000000000000000000000000000000000000000000000000000000000000
0000000000000000000000000000000000000000000000000000000000000000000000000000000
0000000000000000000000000000000000000000000000000000000000000000000000000000000
0000000000000000000000000000000000000000000000000000000000000000000000000000000
0000000000000000000000000000000000000000000000000000000000000000000000000000000
0000000000000000000000000000000000000000000000000000000000000000000000000000000
0000000000000000000000000000000000000000000000000000000000000000000000000000000
0000000000000000000000000000000000000000000000000000000000000000000000000000000
0000000000000000000000000000000000000000000000000000000000000000000000000000000
0000000000000000000000000000000000000000000000000000000000000000000000000000000
0000000000000000000000000000000000000000000000000000000000000000000000000000000
0000000000000000000000000000000000000000000000000000000000000000000000000000000
0000000000000000000000000000000000000000000000000000000000000000000000000000000
0000000000000000000000000000000000000000000000000000000000000000000000000000000
0000000000000000000000000000000000000000000000000000000000000000000000000000000
0000000000000000000000000000000000000000000000000000000000000000000000000000000
0000000000000000000000000000000000000000000000000000000000000000000000000000000
0000000000000000000000000000000000000000000000000000000000000000000000000000000
0000000000000000000000000000000000000000000000000000000000000000000000000000000
0000000000000000000000000000000000000000000000000000000000000000000000000000000
0000000000000000000000000000000000000000000000000000000000000000000000000000000
0000000000000000000000000000000000000000000000000000000000000000000000000000000
0000000000000000000000000000000000000000000000000000000000000000000000000000000
0000000000000000000000000000000000000000000000000000000000000000000000000000000
0000000000000000000000000000000000000000000000000000000000000000000000000000000
0000000000000000000000000000000000000000000000000000000000000000000000000000000
0000000000000000000000000000000000000000000000000000000000000000000000000000000
0000000000000000000000000000000000000000000000000000000000000000000000000000000
0000000000000000000000000000000000000000000000000000000000000000000000000000000
0000000000000000000000000000000000000000000000000000000000000000000000000000000
0000000000000000000000000000000000000000000000000000000000000000000000000000000
0000000000000000000000000000000000000000000000000000000000000000000000000000000
0000000000000000000000000000000000000000000000000000000000000000000000000000000
0000000000000000000000000000000000000000000000000000000000000000000000000000000
0000000000000000000000000000000000000000000000000000000000000000000000000000000
0000000000000000000000000000000000000000000000000000000000000000000000000000000
0000000000000000000000000000000000000000000000000000000000000000000000000000000
0000000000000000000000000000000000000000000000000000000000000000000000000000000
0000000000000000000000000000000000000000000000000000000000000000000000000000000
0000000000000000000000000000000000000000000000000000000000000000000000000000000
0000000000000000000000000000000000000000000000000000000000000000000000000000000
0000000000000000000000000000000000000000000000000000000000000000000000000000000
0000000000000000000000000000000000000000000000000000000000000000000000000000000
0000000000000000000000000000000000000000000000000000000000000000000000000000000
0000000000000000000000000000000000000000000000000000000000000000000000000000000
0000000000000000000000000000000000000000000000000000000000000000000000000000000
0000000000000000000000000000000000000000000000000000000000000000000000000000000
0000000000000000000000000000000000000000000000000000000000000000000000000000000
0000000000000000000000000000000000000000000000000000000000000000000000000000000
0000000000000000000000000000000000000000000000000000000000000000000000000000000
0000000000000000000000000000000000000000000000000000000000000000000000000000000
0000000000000000000000000000000000000000000000000000000000000000000000000000000
0000000000000000000000000000000000000000000000000000000000000000000000000000000
0000000000000000000000000000000000000000000000000000000000000000000000000000000
0000000000000000000000000000000000000000000000000000000000000000000000000000000
0000000000000000000000000000000000000000000000000000000000000000000000000000000
0000000000000000000000000000000000000000000000000000000000000000000000000000000
0000000000000000000000000000000000000000000000000000000000000000000000000000000
0000000000000000000000000000000000000000000000000000000000000000000000000000000
0000000000000000000000000000000000000000000000000000000000000000000000000000000
0000000000000000000000000000000000000000000000000000000000000000000000000000000
0000000000000000000000000000000000000000000000000000000000000000000000000000000
0000000000000000000000000000000000000000000000000000000000000000000000000000000
0000000000000000000000000000000000000000000000000000000000000000000000000000000
0000000000000000000000000000000000000000000000000000000000000000000000000000000
0000000000000000000000000000000000000000000000000000000000000000000000000000000
0000000000000000000000000000000000000000000000000000000000000000000000000000000
0000000000000000000000000000000000000000000000000000000000000000000000000000000
0000000000000000000000000000000000000000000000000000000000000000000000000000000
0000000000000000000000000000000000000000000000000000000000000000000000000000000
0000000000000000000000000000000000000000000000000000000000000000000000000000000
0000000000000000000000000000000000000000000000000000000000000000000000000000000
0000000000000000000000000000000000000000000000000000000000000000000000000000000
0000000000000000000000000000000000000000000000000000000000000000000000000000000
0000000000000000000000000000000000000000000000000000000000000000000000000000000
0000000000000000000000000000000000000000000000000000000000000000000000000000000
0000000000000000000000000000000000000000000000000000000000000000000000000000000
0000000000000000000000000000000000000000000000000000000000000000000000000000000
0000000000000000000000000000000000000000000000000000000000000000000000000000000
0000000000000000000000000000000000000000000000000000000000000000000000000000000
0000000000000000000000000000000000000000000000000000000000000000000000000000]"T
imes
(fontspec)             New Roman/OT"


! Package fontspec Error: 
(fontspec)                The font "Times New Roman" cannot be found; this
(fontspec)                may be but usually is not a fontspec bug. Either
(fontspec)                there is a typo in the font name/file, the font is
(fontspec)                not installed (correctly), or there is a bug in
(fontspec)                the underlying font loading engine
(fontspec)                (XeTeX/luaotfload).

For immediate help type H <return>.
 ...                                              
                                                  
l.18 ^^I\setmathfont
                    [Scale=MatchLowercase]{Latin Modern Math}

A font might not be found for many reasons.
 Check the spelling, where the font is installed etc. etc.

 When in doubt, ask someone for help!


Missing character: There is no x in font nullfont!
! Use of \??? doesn't match its definition.
<argument> \???  
                 ! LaTeX Error: Invalid operation fp_to_decimal(inf)
l.18 ^^I\setmathfont
                    [Scale=MatchLowercase]{Latin Modern Math}
If you say, e.g., `\def\a1{...}', then you must always
put `1' after `\a', since control sequence names are
made up of letters only. The macro here has not been
followed by the required stuff, so I'm ignoring it.


Package fontspec Info: 
(fontspec)             Times New Roman scale =
(fontspec)             10000000000000000000000000000000000000000000000000000000
0000000000000000000000000000000000000000000000000000000000000000000000000000000
0000000000000000000000000000000000000000000000000000000000000000000000000000000
0000000000000000000000000000000000000000000000000000000000000000000000000000000
0000000000000000000000000000000000000000000000000000000000000000000000000000000
0000000000000000000000000000000000000000000000000000000000000000000000000000000
0000000000000000000000000000000000000000000000000000000000000000000000000000000
0000000000000000000000000000000000000000000000000000000000000000000000000000000
0000000000000000000000000000000000000000000000000000000000000000000000000000000
0000000000000000000000000000000000000000000000000000000000000000000000000000000
0000000000000000000000000000000000000000000000000000000000000000000000000000000
0000000000000000000000000000000000000000000000000000000000000000000000000000000
0000000000000000000000000000000000000000000000000000000000000000000000000000000
0000000000000000000000000000000000000000000000000000000000000000000000000000000
0000000000000000000000000000000000000000000000000000000000000000000000000000000
0000000000000000000000000000000000000000000000000000000000000000000000000000000
0000000000000000000000000000000000000000000000000000000000000000000000000000000
0000000000000000000000000000000000000000000000000000000000000000000000000000000
0000000000000000000000000000000000000000000000000000000000000000000000000000000
0000000000000000000000000000000000000000000000000000000000000000000000000000000
0000000000000000000000000000000000000000000000000000000000000000000000000000000
0000000000000000000000000000000000000000000000000000000000000000000000000000000
0000000000000000000000000000000000000000000000000000000000000000000000000000000
0000000000000000000000000000000000000000000000000000000000000000000000000000000
0000000000000000000000000000000000000000000000000000000000000000000000000000000
0000000000000000000000000000000000000000000000000000000000000000000000000000000
0000000000000000000000000000000000000000000000000000000000000000000000000000000
0000000000000000000000000000000000000000000000000000000000000000000000000000000
0000000000000000000000000000000000000000000000000000000000000000000000000000000
0000000000000000000000000000000000000000000000000000000000000000000000000000000
0000000000000000000000000000000000000000000000000000000000000000000000000000000
0000000000000000000000000000000000000000000000000000000000000000000000000000000
0000000000000000000000000000000000000000000000000000000000000000000000000000000
0000000000000000000000000000000000000000000000000000000000000000000000000000000
0000000000000000000000000000000000000000000000000000000000000000000000000000000
0000000000000000000000000000000000000000000000000000000000000000000000000000000
0000000000000000000000000000000000000000000000000000000000000000000000000000000
0000000000000000000000000000000000000000000000000000000000000000000000000000000
0000000000000000000000000000000000000000000000000000000000000000000000000000000
0000000000000000000000000000000000000000000000000000000000000000000000000000000
0000000000000000000000000000000000000000000000000000000000000000000000000000000
0000000000000000000000000000000000000000000000000000000000000000000000000000000
0000000000000000000000000000000000000000000000000000000000000000000000000000000
0000000000000000000000000000000000000000000000000000000000000000000000000000000
0000000000000000000000000000000000000000000000000000000000000000000000000000000
0000000000000000000000000000000000000000000000000000000000000000000000000000000
0000000000000000000000000000000000000000000000000000000000000000000000000000000
0000000000000000000000000000000000000000000000000000000000000000000000000000000
0000000000000000000000000000000000000000000000000000000000000000000000000000000
0000000000000000000000000000000000000000000000000000000000000000000000000000000
0000000000000000000000000000000000000000000000000000000000000000000000000000000
0000000000000000000000000000000000000000000000000000000000000000000000000000000
0000000000000000000000000000000000000000000000000000000000000000000000000000000
0000000000000000000000000000000000000000000000000000000000000000000000000000000
0000000000000000000000000000000000000000000000000000000000000000000000000000000
0000000000000000000000000000000000000000000000000000000000000000000000000000000
0000000000000000000000000000000000000000000000000000000000000000000000000000000
0000000000000000000000000000000000000000000000000000000000000000000000000000000
0000000000000000000000000000000000000000000000000000000000000000000000000000000
0000000000000000000000000000000000000000000000000000000000000000000000000000000
0000000000000000000000000000000000000000000000000000000000000000000000000000000
0000000000000000000000000000000000000000000000000000000000000000000000000000000
0000000000000000000000000000000000000000000000000000000000000000000000000000000
0000000000000000000000000000000000000000000000000000000000000000000000000000000
0000000000000000000000000000000000000000000000000000000000000000000000000000000
0000000000000000000000000000000000000000000000000000000000000000000000000000000
0000000000000000000000000000000000000000000000000000000000000000000000000000000
0000000000000000000000000000000000000000000000000000000000000000000000000000000
0000000000000000000000000000000000000000000000000000000000000000000000000000000
0000000000000000000000000000000000000000000000000000000000000000000000000000000
0000000000000000000000000000000000000000000000000000000000000000000000000000000
0000000000000000000000000000000000000000000000000000000000000000000000000000000
0000000000000000000000000000000000000000000000000000000000000000000000000000000
0000000000000000000000000000000000000000000000000000000000000000000000000000000
0000000000000000000000000000000000000000000000000000000000000000000000000000000
0000000000000000000000000000000000000000000000000000000000000000000000000000000
0000000000000000000000000000000000000000000000000000000000000000000000000000000
0000000000000000000000000000000000000000000000000000000000000000000000000000000
0000000000000000000000000000000000000000000000000000000000000000000000000000000
0000000000000000000000000000000000000000000000000000000000000000000000000000000
0000000000000000000000000000000000000000000000000000000000000000000000000000000
0000000000000000000000000000000000000000000000000000000000000000000000000000000
0000000000000000000000000000000000000000000000000000000000000000000000000000000
0000000000000000000000000000000000000000000000000000000000000000000000000000000
0000000000000000000000000000000000000000000000000000000000000000000000000000000
0000000000000000000000000000000000000000000000000000000000000000000000000000000
0000000000000000000000000000000000000000000000000000000000000000000000000000000
0000000000000000000000000000000000000000000000000000000000000000000000000000000
0000000000000000000000000000000000000000000000000000000000000000000000000000000
0000000000000000000000000000000000000000000000000000000000000000000000000000000
0000000000000000000000000000000000000000000000000000000000000000000000000000000
0000000000000000000000000000000000000000000000000000000000000000000000000000000
0000000000000000000000000000000000000000000000000000000000000000000000000000000
0000000000000000000000000000000000000000000000000000000000000000000000000000000
0000000000000000000000000000000000000000000000000000000000000000000000000000000
0000000000000000000000000000000000000000000000000000000000000000000000000000000
0000000000000000000000000000000000000000000000000000000000000000000000000000000
0000000000000000000000000000000000000000000000000000000000000000000000000000000
0000000000000000000000000000000000000000000000000000000000000000000000000000000
0000000000000000000000000000000000000000000000000000000000000000000000000000000
0000000000000000000000000000000000000000000000000000000000000000000000000000000
0000000000000000000000000000000000000000000000000000000000000000000000000000000
0000000000000000000000000000000000000000000000000000000000000000000000000000000
0000000000000000000000000000000000000000000000000000000000000000000000000000000
0000000000000000000000000000000000000000000000000000000000000000000000000000000
0000000000000000000000000000000000000000000000000000000000000000000000000000000
0000000000000000000000000000000000000000000000000000000000000000000000000000000
0000000000000000000000000000000000000000000000000000000000000000000000000000000
0000000000000000000000000000000000000000000000000000000000000000000000000000000
0000000000000000000000000000000000000000000000000000000000000000000000000000000
0000000000000000000000000000000000000000000000000000000000000000000000000000000
0000000000000000000000000000000000000000000000000000000000000000000000000000000
0000000000000000000000000000000000000000000000000000000000000000000000000000000
0000000000000000000000000000000000000000000000000000000000000000000000000000000
0000000000000000000000000000000000000000000000000000000000000000000000000000000
0000000000000000000000000000000000000000000000000000000000000000000000000000000
0000000000000000000000000000000000000000000000000000000000000000000000000000000
0000000000000000000000000000000000000000000000000000000000000000000000000000000
0000000000000000000000000000000000000000000000000000000000000000000000000000000
0000000000000000000000000000000000000000000000000000000000000000000000000000000
0000000000000000000000000000000000000000000000000000000000000000000000000000000
0000000000000000000000000000000000000000000000000000000000000000000000000000000
0000000000000000000000000000000000000000000000000000000000000000000000000000000
0000000000000000000000000000000000000000000000000000000000000000000000000000000
0000000000000000000000000000000000000000000000000000000000000000000000000000000
0000000000000000000000000000000000000000000000000000000000000000000000000000000
0000000000000000000000000000000000000000000000000000000000000000000000.


Package fontspec Info: 
(fontspec)             Could not resolve font "Times New Roman/BI" (it
(fontspec)             probably doesn't exist).


Package fontspec Info: 
(fontspec)             Could not resolve font "Times New Roman/B" (it probably
(fontspec)             doesn't exist).


Package fontspec Info: 
(fontspec)             Could not resolve font "Times New Roman/I" (it probably
(fontspec)             doesn't exist).


! Package fontspec Error: 
(fontspec)                The font "Times New Roman" cannot be found; this
(fontspec)                may be but usually is not a fontspec bug. Either
(fontspec)                there is a typo in the font name/file, the font is
(fontspec)                not installed (correctly), or there is a bug in
(fontspec)                the underlying font loading engine
(fontspec)                (XeTeX/luaotfload).

For immediate help type H <return>.
 ...                                              
                                                  
l.18 ^^I\setmathfont
                    [Scale=MatchLowercase]{Latin Modern Math}

A font might not be found for many reasons.
 Check the spelling, where the font is installed etc. etc.

 When in doubt, ask someone for help!



! Package fontspec Error: 
(fontspec)                The font "Times New Roman" cannot be found; this
(fontspec)                may be but usually is not a fontspec bug. Either
(fontspec)                there is a typo in the font name/file, the font is
(fontspec)                not installed (correctly), or there is a bug in
(fontspec)                the underlying font loading engine
(fontspec)                (XeTeX/luaotfload).

For immediate help type H <return>.
 ...                                              
                                                  
l.18 ^^I\setmathfont
                    [Scale=MatchLowercase]{Latin Modern Math}

A font might not be found for many reasons.
 Check the spelling, where the font is installed etc. etc.

 When in doubt, ask someone for help!


Missing character: There is no x in font nullfont!
! Use of \??? doesn't match its definition.
<argument> \???  
                 ! LaTeX Error: Invalid operation fp_to_decimal(inf)
l.18 ^^I\setmathfont
                    [Scale=MatchLowercase]{Latin Modern Math}
If you say, e.g., `\def\a1{...}', then you must always
put `1' after `\a', since control sequence names are
made up of letters only. The macro here has not been
followed by the required stuff, so I'm ignoring it.


Package fontspec Info: 
(fontspec)             Times New Roman scale =
(fontspec)             10000000000000000000000000000000000000000000000000000000
0000000000000000000000000000000000000000000000000000000000000000000000000000000
0000000000000000000000000000000000000000000000000000000000000000000000000000000
0000000000000000000000000000000000000000000000000000000000000000000000000000000
0000000000000000000000000000000000000000000000000000000000000000000000000000000
0000000000000000000000000000000000000000000000000000000000000000000000000000000
0000000000000000000000000000000000000000000000000000000000000000000000000000000
0000000000000000000000000000000000000000000000000000000000000000000000000000000
0000000000000000000000000000000000000000000000000000000000000000000000000000000
0000000000000000000000000000000000000000000000000000000000000000000000000000000
0000000000000000000000000000000000000000000000000000000000000000000000000000000
0000000000000000000000000000000000000000000000000000000000000000000000000000000
0000000000000000000000000000000000000000000000000000000000000000000000000000000
0000000000000000000000000000000000000000000000000000000000000000000000000000000
0000000000000000000000000000000000000000000000000000000000000000000000000000000
0000000000000000000000000000000000000000000000000000000000000000000000000000000
0000000000000000000000000000000000000000000000000000000000000000000000000000000
0000000000000000000000000000000000000000000000000000000000000000000000000000000
0000000000000000000000000000000000000000000000000000000000000000000000000000000
0000000000000000000000000000000000000000000000000000000000000000000000000000000
0000000000000000000000000000000000000000000000000000000000000000000000000000000
0000000000000000000000000000000000000000000000000000000000000000000000000000000
0000000000000000000000000000000000000000000000000000000000000000000000000000000
0000000000000000000000000000000000000000000000000000000000000000000000000000000
0000000000000000000000000000000000000000000000000000000000000000000000000000000
0000000000000000000000000000000000000000000000000000000000000000000000000000000
0000000000000000000000000000000000000000000000000000000000000000000000000000000
0000000000000000000000000000000000000000000000000000000000000000000000000000000
0000000000000000000000000000000000000000000000000000000000000000000000000000000
0000000000000000000000000000000000000000000000000000000000000000000000000000000
0000000000000000000000000000000000000000000000000000000000000000000000000000000
0000000000000000000000000000000000000000000000000000000000000000000000000000000
0000000000000000000000000000000000000000000000000000000000000000000000000000000
0000000000000000000000000000000000000000000000000000000000000000000000000000000
0000000000000000000000000000000000000000000000000000000000000000000000000000000
0000000000000000000000000000000000000000000000000000000000000000000000000000000
0000000000000000000000000000000000000000000000000000000000000000000000000000000
0000000000000000000000000000000000000000000000000000000000000000000000000000000
0000000000000000000000000000000000000000000000000000000000000000000000000000000
0000000000000000000000000000000000000000000000000000000000000000000000000000000
0000000000000000000000000000000000000000000000000000000000000000000000000000000
0000000000000000000000000000000000000000000000000000000000000000000000000000000
0000000000000000000000000000000000000000000000000000000000000000000000000000000
0000000000000000000000000000000000000000000000000000000000000000000000000000000
0000000000000000000000000000000000000000000000000000000000000000000000000000000
0000000000000000000000000000000000000000000000000000000000000000000000000000000
0000000000000000000000000000000000000000000000000000000000000000000000000000000
0000000000000000000000000000000000000000000000000000000000000000000000000000000
0000000000000000000000000000000000000000000000000000000000000000000000000000000
0000000000000000000000000000000000000000000000000000000000000000000000000000000
0000000000000000000000000000000000000000000000000000000000000000000000000000000
0000000000000000000000000000000000000000000000000000000000000000000000000000000
0000000000000000000000000000000000000000000000000000000000000000000000000000000
0000000000000000000000000000000000000000000000000000000000000000000000000000000
0000000000000000000000000000000000000000000000000000000000000000000000000000000
0000000000000000000000000000000000000000000000000000000000000000000000000000000
0000000000000000000000000000000000000000000000000000000000000000000000000000000
0000000000000000000000000000000000000000000000000000000000000000000000000000000
0000000000000000000000000000000000000000000000000000000000000000000000000000000
0000000000000000000000000000000000000000000000000000000000000000000000000000000
0000000000000000000000000000000000000000000000000000000000000000000000000000000
0000000000000000000000000000000000000000000000000000000000000000000000000000000
0000000000000000000000000000000000000000000000000000000000000000000000000000000
0000000000000000000000000000000000000000000000000000000000000000000000000000000
0000000000000000000000000000000000000000000000000000000000000000000000000000000
0000000000000000000000000000000000000000000000000000000000000000000000000000000
0000000000000000000000000000000000000000000000000000000000000000000000000000000
0000000000000000000000000000000000000000000000000000000000000000000000000000000
0000000000000000000000000000000000000000000000000000000000000000000000000000000
0000000000000000000000000000000000000000000000000000000000000000000000000000000
0000000000000000000000000000000000000000000000000000000000000000000000000000000
0000000000000000000000000000000000000000000000000000000000000000000000000000000
0000000000000000000000000000000000000000000000000000000000000000000000000000000
0000000000000000000000000000000000000000000000000000000000000000000000000000000
0000000000000000000000000000000000000000000000000000000000000000000000000000000
0000000000000000000000000000000000000000000000000000000000000000000000000000000
0000000000000000000000000000000000000000000000000000000000000000000000000000000
0000000000000000000000000000000000000000000000000000000000000000000000000000000
0000000000000000000000000000000000000000000000000000000000000000000000000000000
0000000000000000000000000000000000000000000000000000000000000000000000000000000
0000000000000000000000000000000000000000000000000000000000000000000000000000000
0000000000000000000000000000000000000000000000000000000000000000000000000000000
0000000000000000000000000000000000000000000000000000000000000000000000000000000
0000000000000000000000000000000000000000000000000000000000000000000000000000000
0000000000000000000000000000000000000000000000000000000000000000000000000000000
0000000000000000000000000000000000000000000000000000000000000000000000000000000
0000000000000000000000000000000000000000000000000000000000000000000000000000000
0000000000000000000000000000000000000000000000000000000000000000000000000000000
0000000000000000000000000000000000000000000000000000000000000000000000000000000
0000000000000000000000000000000000000000000000000000000000000000000000000000000
0000000000000000000000000000000000000000000000000000000000000000000000000000000
0000000000000000000000000000000000000000000000000000000000000000000000000000000
0000000000000000000000000000000000000000000000000000000000000000000000000000000
0000000000000000000000000000000000000000000000000000000000000000000000000000000
0000000000000000000000000000000000000000000000000000000000000000000000000000000
0000000000000000000000000000000000000000000000000000000000000000000000000000000
0000000000000000000000000000000000000000000000000000000000000000000000000000000
0000000000000000000000000000000000000000000000000000000000000000000000000000000
0000000000000000000000000000000000000000000000000000000000000000000000000000000
0000000000000000000000000000000000000000000000000000000000000000000000000000000
0000000000000000000000000000000000000000000000000000000000000000000000000000000
0000000000000000000000000000000000000000000000000000000000000000000000000000000
0000000000000000000000000000000000000000000000000000000000000000000000000000000
0000000000000000000000000000000000000000000000000000000000000000000000000000000
0000000000000000000000000000000000000000000000000000000000000000000000000000000
0000000000000000000000000000000000000000000000000000000000000000000000000000000
0000000000000000000000000000000000000000000000000000000000000000000000000000000
0000000000000000000000000000000000000000000000000000000000000000000000000000000
0000000000000000000000000000000000000000000000000000000000000000000000000000000
0000000000000000000000000000000000000000000000000000000000000000000000000000000
0000000000000000000000000000000000000000000000000000000000000000000000000000000
0000000000000000000000000000000000000000000000000000000000000000000000000000000
0000000000000000000000000000000000000000000000000000000000000000000000000000000
0000000000000000000000000000000000000000000000000000000000000000000000000000000
0000000000000000000000000000000000000000000000000000000000000000000000000000000
0000000000000000000000000000000000000000000000000000000000000000000000000000000
0000000000000000000000000000000000000000000000000000000000000000000000000000000
0000000000000000000000000000000000000000000000000000000000000000000000000000000
0000000000000000000000000000000000000000000000000000000000000000000000000000000
0000000000000000000000000000000000000000000000000000000000000000000000000000000
0000000000000000000000000000000000000000000000000000000000000000000000000000000
0000000000000000000000000000000000000000000000000000000000000000000000000000000
0000000000000000000000000000000000000000000000000000000000000000000000000000000
0000000000000000000000000000000000000000000000000000000000000000000000000000000
0000000000000000000000000000000000000000000000000000000000000000000000000000000
0000000000000000000000000000000000000000000000000000000000000000000000000000000
0000000000000000000000000000000000000000000000000000000000000000000000.

Missing character: There is no x in font nullfont!
! Use of \??? doesn't match its definition.
<argument> \???  
                 ! LaTeX Error: Invalid operation fp_to_decimal(inf)
l.18 ^^I\setmathfont
                    [Scale=MatchLowercase]{Latin Modern Math}
If you say, e.g., `\def\a1{...}', then you must always
put `1' after `\a', since control sequence names are
made up of letters only. The macro here has not been
followed by the required stuff, so I'm ignoring it.


Package fontspec Info: 
(fontspec)             Times New Roman scale =
(fontspec)             10000000000000000000000000000000000000000000000000000000
0000000000000000000000000000000000000000000000000000000000000000000000000000000
0000000000000000000000000000000000000000000000000000000000000000000000000000000
0000000000000000000000000000000000000000000000000000000000000000000000000000000
0000000000000000000000000000000000000000000000000000000000000000000000000000000
0000000000000000000000000000000000000000000000000000000000000000000000000000000
0000000000000000000000000000000000000000000000000000000000000000000000000000000
0000000000000000000000000000000000000000000000000000000000000000000000000000000
0000000000000000000000000000000000000000000000000000000000000000000000000000000
0000000000000000000000000000000000000000000000000000000000000000000000000000000
0000000000000000000000000000000000000000000000000000000000000000000000000000000
0000000000000000000000000000000000000000000000000000000000000000000000000000000
0000000000000000000000000000000000000000000000000000000000000000000000000000000
0000000000000000000000000000000000000000000000000000000000000000000000000000000
0000000000000000000000000000000000000000000000000000000000000000000000000000000
0000000000000000000000000000000000000000000000000000000000000000000000000000000
0000000000000000000000000000000000000000000000000000000000000000000000000000000
0000000000000000000000000000000000000000000000000000000000000000000000000000000
0000000000000000000000000000000000000000000000000000000000000000000000000000000
0000000000000000000000000000000000000000000000000000000000000000000000000000000
0000000000000000000000000000000000000000000000000000000000000000000000000000000
0000000000000000000000000000000000000000000000000000000000000000000000000000000
0000000000000000000000000000000000000000000000000000000000000000000000000000000
0000000000000000000000000000000000000000000000000000000000000000000000000000000
0000000000000000000000000000000000000000000000000000000000000000000000000000000
0000000000000000000000000000000000000000000000000000000000000000000000000000000
0000000000000000000000000000000000000000000000000000000000000000000000000000000
0000000000000000000000000000000000000000000000000000000000000000000000000000000
0000000000000000000000000000000000000000000000000000000000000000000000000000000
0000000000000000000000000000000000000000000000000000000000000000000000000000000
0000000000000000000000000000000000000000000000000000000000000000000000000000000
0000000000000000000000000000000000000000000000000000000000000000000000000000000
0000000000000000000000000000000000000000000000000000000000000000000000000000000
0000000000000000000000000000000000000000000000000000000000000000000000000000000
0000000000000000000000000000000000000000000000000000000000000000000000000000000
0000000000000000000000000000000000000000000000000000000000000000000000000000000
0000000000000000000000000000000000000000000000000000000000000000000000000000000
0000000000000000000000000000000000000000000000000000000000000000000000000000000
0000000000000000000000000000000000000000000000000000000000000000000000000000000
0000000000000000000000000000000000000000000000000000000000000000000000000000000
0000000000000000000000000000000000000000000000000000000000000000000000000000000
0000000000000000000000000000000000000000000000000000000000000000000000000000000
0000000000000000000000000000000000000000000000000000000000000000000000000000000
0000000000000000000000000000000000000000000000000000000000000000000000000000000
0000000000000000000000000000000000000000000000000000000000000000000000000000000
0000000000000000000000000000000000000000000000000000000000000000000000000000000
0000000000000000000000000000000000000000000000000000000000000000000000000000000
0000000000000000000000000000000000000000000000000000000000000000000000000000000
0000000000000000000000000000000000000000000000000000000000000000000000000000000
0000000000000000000000000000000000000000000000000000000000000000000000000000000
0000000000000000000000000000000000000000000000000000000000000000000000000000000
0000000000000000000000000000000000000000000000000000000000000000000000000000000
0000000000000000000000000000000000000000000000000000000000000000000000000000000
0000000000000000000000000000000000000000000000000000000000000000000000000000000
0000000000000000000000000000000000000000000000000000000000000000000000000000000
0000000000000000000000000000000000000000000000000000000000000000000000000000000
0000000000000000000000000000000000000000000000000000000000000000000000000000000
0000000000000000000000000000000000000000000000000000000000000000000000000000000
0000000000000000000000000000000000000000000000000000000000000000000000000000000
0000000000000000000000000000000000000000000000000000000000000000000000000000000
0000000000000000000000000000000000000000000000000000000000000000000000000000000
0000000000000000000000000000000000000000000000000000000000000000000000000000000
0000000000000000000000000000000000000000000000000000000000000000000000000000000
0000000000000000000000000000000000000000000000000000000000000000000000000000000
0000000000000000000000000000000000000000000000000000000000000000000000000000000
0000000000000000000000000000000000000000000000000000000000000000000000000000000
0000000000000000000000000000000000000000000000000000000000000000000000000000000
0000000000000000000000000000000000000000000000000000000000000000000000000000000
0000000000000000000000000000000000000000000000000000000000000000000000000000000
0000000000000000000000000000000000000000000000000000000000000000000000000000000
0000000000000000000000000000000000000000000000000000000000000000000000000000000
0000000000000000000000000000000000000000000000000000000000000000000000000000000
0000000000000000000000000000000000000000000000000000000000000000000000000000000
0000000000000000000000000000000000000000000000000000000000000000000000000000000
0000000000000000000000000000000000000000000000000000000000000000000000000000000
0000000000000000000000000000000000000000000000000000000000000000000000000000000
0000000000000000000000000000000000000000000000000000000000000000000000000000000
0000000000000000000000000000000000000000000000000000000000000000000000000000000
0000000000000000000000000000000000000000000000000000000000000000000000000000000
0000000000000000000000000000000000000000000000000000000000000000000000000000000
0000000000000000000000000000000000000000000000000000000000000000000000000000000
0000000000000000000000000000000000000000000000000000000000000000000000000000000
0000000000000000000000000000000000000000000000000000000000000000000000000000000
0000000000000000000000000000000000000000000000000000000000000000000000000000000
0000000000000000000000000000000000000000000000000000000000000000000000000000000
0000000000000000000000000000000000000000000000000000000000000000000000000000000
0000000000000000000000000000000000000000000000000000000000000000000000000000000
0000000000000000000000000000000000000000000000000000000000000000000000000000000
0000000000000000000000000000000000000000000000000000000000000000000000000000000
0000000000000000000000000000000000000000000000000000000000000000000000000000000
0000000000000000000000000000000000000000000000000000000000000000000000000000000
0000000000000000000000000000000000000000000000000000000000000000000000000000000
0000000000000000000000000000000000000000000000000000000000000000000000000000000
0000000000000000000000000000000000000000000000000000000000000000000000000000000
0000000000000000000000000000000000000000000000000000000000000000000000000000000
0000000000000000000000000000000000000000000000000000000000000000000000000000000
0000000000000000000000000000000000000000000000000000000000000000000000000000000
0000000000000000000000000000000000000000000000000000000000000000000000000000000
0000000000000000000000000000000000000000000000000000000000000000000000000000000
0000000000000000000000000000000000000000000000000000000000000000000000000000000
0000000000000000000000000000000000000000000000000000000000000000000000000000000
0000000000000000000000000000000000000000000000000000000000000000000000000000000
0000000000000000000000000000000000000000000000000000000000000000000000000000000
0000000000000000000000000000000000000000000000000000000000000000000000000000000
0000000000000000000000000000000000000000000000000000000000000000000000000000000
0000000000000000000000000000000000000000000000000000000000000000000000000000000
0000000000000000000000000000000000000000000000000000000000000000000000000000000
0000000000000000000000000000000000000000000000000000000000000000000000000000000
0000000000000000000000000000000000000000000000000000000000000000000000000000000
0000000000000000000000000000000000000000000000000000000000000000000000000000000
0000000000000000000000000000000000000000000000000000000000000000000000000000000
0000000000000000000000000000000000000000000000000000000000000000000000000000000
0000000000000000000000000000000000000000000000000000000000000000000000000000000
0000000000000000000000000000000000000000000000000000000000000000000000000000000
0000000000000000000000000000000000000000000000000000000000000000000000000000000
0000000000000000000000000000000000000000000000000000000000000000000000000000000
0000000000000000000000000000000000000000000000000000000000000000000000000000000
0000000000000000000000000000000000000000000000000000000000000000000000000000000
0000000000000000000000000000000000000000000000000000000000000000000000000000000
0000000000000000000000000000000000000000000000000000000000000000000000000000000
0000000000000000000000000000000000000000000000000000000000000000000000000000000
0000000000000000000000000000000000000000000000000000000000000000000000000000000
0000000000000000000000000000000000000000000000000000000000000000000000000000000
0000000000000000000000000000000000000000000000000000000000000000000000000000000
0000000000000000000000000000000000000000000000000000000000000000000000000000000
0000000000000000000000000000000000000000000000000000000000000000000000000000000
0000000000000000000000000000000000000000000000000000000000000000000000.


Package fontspec Info: 
(fontspec)             Font family 'TimesNewRoman(2)' created for font 'Times
(fontspec)             New Roman' with options
(fontspec)             [Ligatures=TeX,Ligatures=TeX,Scale=MatchLowercase].
(fontspec)              
(fontspec)              This font family consists of the following NFSS
(fontspec)             series/shapes:
(fontspec)              
(fontspec)             - 'normal' (m/n) with NFSS spec.:
(fontspec)             <->s*[10000000000000000000000000000000000000000000000000
0000000000000000000000000000000000000000000000000000000000000000000000000000000
0000000000000000000000000000000000000000000000000000000000000000000000000000000
0000000000000000000000000000000000000000000000000000000000000000000000000000000
0000000000000000000000000000000000000000000000000000000000000000000000000000000
0000000000000000000000000000000000000000000000000000000000000000000000000000000
0000000000000000000000000000000000000000000000000000000000000000000000000000000
0000000000000000000000000000000000000000000000000000000000000000000000000000000
0000000000000000000000000000000000000000000000000000000000000000000000000000000
0000000000000000000000000000000000000000000000000000000000000000000000000000000
0000000000000000000000000000000000000000000000000000000000000000000000000000000
0000000000000000000000000000000000000000000000000000000000000000000000000000000
0000000000000000000000000000000000000000000000000000000000000000000000000000000
0000000000000000000000000000000000000000000000000000000000000000000000000000000
0000000000000000000000000000000000000000000000000000000000000000000000000000000
0000000000000000000000000000000000000000000000000000000000000000000000000000000
0000000000000000000000000000000000000000000000000000000000000000000000000000000
0000000000000000000000000000000000000000000000000000000000000000000000000000000
0000000000000000000000000000000000000000000000000000000000000000000000000000000
0000000000000000000000000000000000000000000000000000000000000000000000000000000
0000000000000000000000000000000000000000000000000000000000000000000000000000000
0000000000000000000000000000000000000000000000000000000000000000000000000000000
0000000000000000000000000000000000000000000000000000000000000000000000000000000
0000000000000000000000000000000000000000000000000000000000000000000000000000000
0000000000000000000000000000000000000000000000000000000000000000000000000000000
0000000000000000000000000000000000000000000000000000000000000000000000000000000
0000000000000000000000000000000000000000000000000000000000000000000000000000000
0000000000000000000000000000000000000000000000000000000000000000000000000000000
0000000000000000000000000000000000000000000000000000000000000000000000000000000
0000000000000000000000000000000000000000000000000000000000000000000000000000000
0000000000000000000000000000000000000000000000000000000000000000000000000000000
0000000000000000000000000000000000000000000000000000000000000000000000000000000
0000000000000000000000000000000000000000000000000000000000000000000000000000000
0000000000000000000000000000000000000000000000000000000000000000000000000000000
0000000000000000000000000000000000000000000000000000000000000000000000000000000
0000000000000000000000000000000000000000000000000000000000000000000000000000000
0000000000000000000000000000000000000000000000000000000000000000000000000000000
0000000000000000000000000000000000000000000000000000000000000000000000000000000
0000000000000000000000000000000000000000000000000000000000000000000000000000000
0000000000000000000000000000000000000000000000000000000000000000000000000000000
0000000000000000000000000000000000000000000000000000000000000000000000000000000
0000000000000000000000000000000000000000000000000000000000000000000000000000000
0000000000000000000000000000000000000000000000000000000000000000000000000000000
0000000000000000000000000000000000000000000000000000000000000000000000000000000
0000000000000000000000000000000000000000000000000000000000000000000000000000000
0000000000000000000000000000000000000000000000000000000000000000000000000000000
0000000000000000000000000000000000000000000000000000000000000000000000000000000
0000000000000000000000000000000000000000000000000000000000000000000000000000000
0000000000000000000000000000000000000000000000000000000000000000000000000000000
0000000000000000000000000000000000000000000000000000000000000000000000000000000
0000000000000000000000000000000000000000000000000000000000000000000000000000000
0000000000000000000000000000000000000000000000000000000000000000000000000000000
0000000000000000000000000000000000000000000000000000000000000000000000000000000
0000000000000000000000000000000000000000000000000000000000000000000000000000000
0000000000000000000000000000000000000000000000000000000000000000000000000000000
0000000000000000000000000000000000000000000000000000000000000000000000000000000
0000000000000000000000000000000000000000000000000000000000000000000000000000000
0000000000000000000000000000000000000000000000000000000000000000000000000000000
0000000000000000000000000000000000000000000000000000000000000000000000000000000
0000000000000000000000000000000000000000000000000000000000000000000000000000000
0000000000000000000000000000000000000000000000000000000000000000000000000000000
0000000000000000000000000000000000000000000000000000000000000000000000000000000
0000000000000000000000000000000000000000000000000000000000000000000000000000000
0000000000000000000000000000000000000000000000000000000000000000000000000000000
0000000000000000000000000000000000000000000000000000000000000000000000000000000
0000000000000000000000000000000000000000000000000000000000000000000000000000000
0000000000000000000000000000000000000000000000000000000000000000000000000000000
0000000000000000000000000000000000000000000000000000000000000000000000000000000
0000000000000000000000000000000000000000000000000000000000000000000000000000000
0000000000000000000000000000000000000000000000000000000000000000000000000000000
0000000000000000000000000000000000000000000000000000000000000000000000000000000
0000000000000000000000000000000000000000000000000000000000000000000000000000000
0000000000000000000000000000000000000000000000000000000000000000000000000000000
0000000000000000000000000000000000000000000000000000000000000000000000000000000
0000000000000000000000000000000000000000000000000000000000000000000000000000000
0000000000000000000000000000000000000000000000000000000000000000000000000000000
0000000000000000000000000000000000000000000000000000000000000000000000000000000
0000000000000000000000000000000000000000000000000000000000000000000000000000000
0000000000000000000000000000000000000000000000000000000000000000000000000000000
0000000000000000000000000000000000000000000000000000000000000000000000000000000
0000000000000000000000000000000000000000000000000000000000000000000000000000000
0000000000000000000000000000000000000000000000000000000000000000000000000000000
0000000000000000000000000000000000000000000000000000000000000000000000000000000
0000000000000000000000000000000000000000000000000000000000000000000000000000000
0000000000000000000000000000000000000000000000000000000000000000000000000000000
0000000000000000000000000000000000000000000000000000000000000000000000000000000
0000000000000000000000000000000000000000000000000000000000000000000000000000000
0000000000000000000000000000000000000000000000000000000000000000000000000000000
0000000000000000000000000000000000000000000000000000000000000000000000000000000
0000000000000000000000000000000000000000000000000000000000000000000000000000000
0000000000000000000000000000000000000000000000000000000000000000000000000000000
0000000000000000000000000000000000000000000000000000000000000000000000000000000
0000000000000000000000000000000000000000000000000000000000000000000000000000000
0000000000000000000000000000000000000000000000000000000000000000000000000000000
0000000000000000000000000000000000000000000000000000000000000000000000000000000
0000000000000000000000000000000000000000000000000000000000000000000000000000000
0000000000000000000000000000000000000000000000000000000000000000000000000000000
0000000000000000000000000000000000000000000000000000000000000000000000000000000
0000000000000000000000000000000000000000000000000000000000000000000000000000000
0000000000000000000000000000000000000000000000000000000000000000000000000000000
0000000000000000000000000000000000000000000000000000000000000000000000000000000
0000000000000000000000000000000000000000000000000000000000000000000000000000000
0000000000000000000000000000000000000000000000000000000000000000000000000000000
0000000000000000000000000000000000000000000000000000000000000000000000000000000
0000000000000000000000000000000000000000000000000000000000000000000000000000000
0000000000000000000000000000000000000000000000000000000000000000000000000000000
0000000000000000000000000000000000000000000000000000000000000000000000000000000
0000000000000000000000000000000000000000000000000000000000000000000000000000000
0000000000000000000000000000000000000000000000000000000000000000000000000000000
0000000000000000000000000000000000000000000000000000000000000000000000000000000
0000000000000000000000000000000000000000000000000000000000000000000000000000000
0000000000000000000000000000000000000000000000000000000000000000000000000000000
0000000000000000000000000000000000000000000000000000000000000000000000000000000
0000000000000000000000000000000000000000000000000000000000000000000000000000000
0000000000000000000000000000000000000000000000000000000000000000000000000000000
0000000000000000000000000000000000000000000000000000000000000000000000000000000
0000000000000000000000000000000000000000000000000000000000000000000000000000000
0000000000000000000000000000000000000000000000000000000000000000000000000000000
0000000000000000000000000000000000000000000000000000000000000000000000000000000
0000000000000000000000000000000000000000000000000000000000000000000000000000000
0000000000000000000000000000000000000000000000000000000000000000000000000000000
0000000000000000000000000000000000000000000000000000000000000000000000000000000
0000000000000000000000000000000000000000000000000000000000000000000000000000000
0000000000000000000000000000000000000000000000000000000000000000000000000000000
0000000000000000000000000000000000000000000000000000000000000000000000000000000
0000000000000000000000000000000000000000000000000000000000000000000000000000000
0000000000000000000000000000000000000000000000000000000000000000000000000000]"T
imes
(fontspec)             New Roman"
(fontspec)             - 'small caps'  (m/sc) with NFSS spec.:
(fontspec)             <->s*[10000000000000000000000000000000000000000000000000
0000000000000000000000000000000000000000000000000000000000000000000000000000000
0000000000000000000000000000000000000000000000000000000000000000000000000000000
0000000000000000000000000000000000000000000000000000000000000000000000000000000
0000000000000000000000000000000000000000000000000000000000000000000000000000000
0000000000000000000000000000000000000000000000000000000000000000000000000000000
0000000000000000000000000000000000000000000000000000000000000000000000000000000
0000000000000000000000000000000000000000000000000000000000000000000000000000000
0000000000000000000000000000000000000000000000000000000000000000000000000000000
0000000000000000000000000000000000000000000000000000000000000000000000000000000
0000000000000000000000000000000000000000000000000000000000000000000000000000000
0000000000000000000000000000000000000000000000000000000000000000000000000000000
0000000000000000000000000000000000000000000000000000000000000000000000000000000
0000000000000000000000000000000000000000000000000000000000000000000000000000000
0000000000000000000000000000000000000000000000000000000000000000000000000000000
0000000000000000000000000000000000000000000000000000000000000000000000000000000
0000000000000000000000000000000000000000000000000000000000000000000000000000000
0000000000000000000000000000000000000000000000000000000000000000000000000000000
0000000000000000000000000000000000000000000000000000000000000000000000000000000
0000000000000000000000000000000000000000000000000000000000000000000000000000000
0000000000000000000000000000000000000000000000000000000000000000000000000000000
0000000000000000000000000000000000000000000000000000000000000000000000000000000
0000000000000000000000000000000000000000000000000000000000000000000000000000000
0000000000000000000000000000000000000000000000000000000000000000000000000000000
0000000000000000000000000000000000000000000000000000000000000000000000000000000
0000000000000000000000000000000000000000000000000000000000000000000000000000000
0000000000000000000000000000000000000000000000000000000000000000000000000000000
0000000000000000000000000000000000000000000000000000000000000000000000000000000
0000000000000000000000000000000000000000000000000000000000000000000000000000000
0000000000000000000000000000000000000000000000000000000000000000000000000000000
0000000000000000000000000000000000000000000000000000000000000000000000000000000
0000000000000000000000000000000000000000000000000000000000000000000000000000000
0000000000000000000000000000000000000000000000000000000000000000000000000000000
0000000000000000000000000000000000000000000000000000000000000000000000000000000
0000000000000000000000000000000000000000000000000000000000000000000000000000000
0000000000000000000000000000000000000000000000000000000000000000000000000000000
0000000000000000000000000000000000000000000000000000000000000000000000000000000
0000000000000000000000000000000000000000000000000000000000000000000000000000000
0000000000000000000000000000000000000000000000000000000000000000000000000000000
0000000000000000000000000000000000000000000000000000000000000000000000000000000
0000000000000000000000000000000000000000000000000000000000000000000000000000000
0000000000000000000000000000000000000000000000000000000000000000000000000000000
0000000000000000000000000000000000000000000000000000000000000000000000000000000
0000000000000000000000000000000000000000000000000000000000000000000000000000000
0000000000000000000000000000000000000000000000000000000000000000000000000000000
0000000000000000000000000000000000000000000000000000000000000000000000000000000
0000000000000000000000000000000000000000000000000000000000000000000000000000000
0000000000000000000000000000000000000000000000000000000000000000000000000000000
0000000000000000000000000000000000000000000000000000000000000000000000000000000
0000000000000000000000000000000000000000000000000000000000000000000000000000000
0000000000000000000000000000000000000000000000000000000000000000000000000000000
0000000000000000000000000000000000000000000000000000000000000000000000000000000
0000000000000000000000000000000000000000000000000000000000000000000000000000000
0000000000000000000000000000000000000000000000000000000000000000000000000000000
0000000000000000000000000000000000000000000000000000000000000000000000000000000
0000000000000000000000000000000000000000000000000000000000000000000000000000000
0000000000000000000000000000000000000000000000000000000000000000000000000000000
0000000000000000000000000000000000000000000000000000000000000000000000000000000
0000000000000000000000000000000000000000000000000000000000000000000000000000000
0000000000000000000000000000000000000000000000000000000000000000000000000000000
0000000000000000000000000000000000000000000000000000000000000000000000000000000
0000000000000000000000000000000000000000000000000000000000000000000000000000000
0000000000000000000000000000000000000000000000000000000000000000000000000000000
0000000000000000000000000000000000000000000000000000000000000000000000000000000
0000000000000000000000000000000000000000000000000000000000000000000000000000000
0000000000000000000000000000000000000000000000000000000000000000000000000000000
0000000000000000000000000000000000000000000000000000000000000000000000000000000
0000000000000000000000000000000000000000000000000000000000000000000000000000000
0000000000000000000000000000000000000000000000000000000000000000000000000000000
0000000000000000000000000000000000000000000000000000000000000000000000000000000
0000000000000000000000000000000000000000000000000000000000000000000000000000000
0000000000000000000000000000000000000000000000000000000000000000000000000000000
0000000000000000000000000000000000000000000000000000000000000000000000000000000
0000000000000000000000000000000000000000000000000000000000000000000000000000000
0000000000000000000000000000000000000000000000000000000000000000000000000000000
0000000000000000000000000000000000000000000000000000000000000000000000000000000
0000000000000000000000000000000000000000000000000000000000000000000000000000000
0000000000000000000000000000000000000000000000000000000000000000000000000000000
0000000000000000000000000000000000000000000000000000000000000000000000000000000
0000000000000000000000000000000000000000000000000000000000000000000000000000000
0000000000000000000000000000000000000000000000000000000000000000000000000000000
0000000000000000000000000000000000000000000000000000000000000000000000000000000
0000000000000000000000000000000000000000000000000000000000000000000000000000000
0000000000000000000000000000000000000000000000000000000000000000000000000000000
0000000000000000000000000000000000000000000000000000000000000000000000000000000
0000000000000000000000000000000000000000000000000000000000000000000000000000000
0000000000000000000000000000000000000000000000000000000000000000000000000000000
0000000000000000000000000000000000000000000000000000000000000000000000000000000
0000000000000000000000000000000000000000000000000000000000000000000000000000000
0000000000000000000000000000000000000000000000000000000000000000000000000000000
0000000000000000000000000000000000000000000000000000000000000000000000000000000
0000000000000000000000000000000000000000000000000000000000000000000000000000000
0000000000000000000000000000000000000000000000000000000000000000000000000000000
0000000000000000000000000000000000000000000000000000000000000000000000000000000
0000000000000000000000000000000000000000000000000000000000000000000000000000000
0000000000000000000000000000000000000000000000000000000000000000000000000000000
0000000000000000000000000000000000000000000000000000000000000000000000000000000
0000000000000000000000000000000000000000000000000000000000000000000000000000000
0000000000000000000000000000000000000000000000000000000000000000000000000000000
0000000000000000000000000000000000000000000000000000000000000000000000000000000
0000000000000000000000000000000000000000000000000000000000000000000000000000000
0000000000000000000000000000000000000000000000000000000000000000000000000000000
0000000000000000000000000000000000000000000000000000000000000000000000000000000
0000000000000000000000000000000000000000000000000000000000000000000000000000000
0000000000000000000000000000000000000000000000000000000000000000000000000000000
0000000000000000000000000000000000000000000000000000000000000000000000000000000
0000000000000000000000000000000000000000000000000000000000000000000000000000000
0000000000000000000000000000000000000000000000000000000000000000000000000000000
0000000000000000000000000000000000000000000000000000000000000000000000000000000
0000000000000000000000000000000000000000000000000000000000000000000000000000000
0000000000000000000000000000000000000000000000000000000000000000000000000000000
0000000000000000000000000000000000000000000000000000000000000000000000000000000
0000000000000000000000000000000000000000000000000000000000000000000000000000000
0000000000000000000000000000000000000000000000000000000000000000000000000000000
0000000000000000000000000000000000000000000000000000000000000000000000000000000
0000000000000000000000000000000000000000000000000000000000000000000000000000000
0000000000000000000000000000000000000000000000000000000000000000000000000000000
0000000000000000000000000000000000000000000000000000000000000000000000000000000
0000000000000000000000000000000000000000000000000000000000000000000000000000000
0000000000000000000000000000000000000000000000000000000000000000000000000000000
0000000000000000000000000000000000000000000000000000000000000000000000000000000
0000000000000000000000000000000000000000000000000000000000000000000000000000000
0000000000000000000000000000000000000000000000000000000000000000000000000000000
0000000000000000000000000000000000000000000000000000000000000000000000000000000
0000000000000000000000000000000000000000000000000000000000000000000000000000000
0000000000000000000000000000000000000000000000000000000000000000000000000000000
0000000000000000000000000000000000000000000000000000000000000000000000000000]"T
imes
(fontspec)             New Roman"


! Package fontspec Error: 
(fontspec)                The font "Times New Roman" cannot be found; this
(fontspec)                may be but usually is not a fontspec bug. Either
(fontspec)                there is a typo in the font name/file, the font is
(fontspec)                not installed (correctly), or there is a bug in
(fontspec)                the underlying font loading engine
(fontspec)                (XeTeX/luaotfload).

For immediate help type H <return>.
 ...                                              
                                                  
l.18 ^^I\setmathfont
                    [Scale=MatchLowercase]{Latin Modern Math}

A font might not be found for many reasons.
 Check the spelling, where the font is installed etc. etc.

 When in doubt, ask someone for help!


! Number too big.
optional@arg ->10000000000
                          00000000000000000000000000000000000000000000000000...
l.18 ^^I\setmathfont
                    [Scale=MatchLowercase]{Latin Modern Math}
I can only go up to 2147483647='17777777777="7FFFFFFF,
so I'm using that number instead of yours.

! Dimension too large.
<recently read> @tempdimb 
                          
l.18 ^^I\setmathfont
                    [Scale=MatchLowercase]{Latin Modern Math}
I can't work with sizes bigger than about 19 feet.
Continue and I'll use the largest value I can.

LaTeX Font Info:    Font shape `TU/TimesNewRoman(2)/m/n' will be
(Font)              scaled to size 16383.99998pt on input line 18.
! Improper `at' size (16383.99998pt), replaced by 10pt.
<to be read again> 
                   relax 
l.18 ^^I\setmathfont
                    [Scale=MatchLowercase]{Latin Modern Math}
I can only handle fonts at positive sizes that are
less than 2048pt, so I've changed what you said to 10pt.

Missing character: There is no x in font nullfont!
Missing character: There is no x in font nullfont!
! Use of \??? doesn't match its definition.
<argument> \???  
                 ! LaTeX Error: Invalid operation (0)/(0)
l.18 ^^I\setmathfont
                    [Scale=MatchLowercase]{Latin Modern Math}
If you say, e.g., `\def\a1{...}', then you must always
put `1' after `\a', since control sequence names are
made up of letters only. The macro here has not been
followed by the required stuff, so I'm ignoring it.

! Use of \??? doesn't match its definition.
<argument> \???  
                 ! LaTeX Error: Invalid operation fp_to_decimal(nan)
l.18 ^^I\setmathfont
                    [Scale=MatchLowercase]{Latin Modern Math}
If you say, e.g., `\def\a1{...}', then you must always
put `1' after `\a', since control sequence names are
made up of letters only. The macro here has not been
followed by the required stuff, so I'm ignoring it.


Package fontspec Info: 
(fontspec)             Times New Roman scale = 0.


Package fontspec Info: 
(fontspec)             Could not resolve font "Times New Roman/BI" (it
(fontspec)             probably doesn't exist).


Package fontspec Info: 
(fontspec)             Could not resolve font "Times New Roman/B" (it probably
(fontspec)             doesn't exist).


Package fontspec Info: 
(fontspec)             Could not resolve font "Times New Roman/I" (it probably
(fontspec)             doesn't exist).


! Package fontspec Error: 
(fontspec)                The font "Times New Roman" cannot be found; this
(fontspec)                may be but usually is not a fontspec bug. Either
(fontspec)                there is a typo in the font name/file, the font is
(fontspec)                not installed (correctly), or there is a bug in
(fontspec)                the underlying font loading engine
(fontspec)                (XeTeX/luaotfload).

For immediate help type H <return>.
 ...                                              
                                                  
l.18 ^^I\setmathfont
                    [Scale=MatchLowercase]{Latin Modern Math}

A font might not be found for many reasons.
 Check the spelling, where the font is installed etc. etc.

 When in doubt, ask someone for help!



! Package fontspec Error: 
(fontspec)                The font "Times New Roman" cannot be found; this
(fontspec)                may be but usually is not a fontspec bug. Either
(fontspec)                there is a typo in the font name/file, the font is
(fontspec)                not installed (correctly), or there is a bug in
(fontspec)                the underlying font loading engine
(fontspec)                (XeTeX/luaotfload).

For immediate help type H <return>.
 ...                                              
                                                  
l.18 ^^I\setmathfont
                    [Scale=MatchLowercase]{Latin Modern Math}

A font might not be found for many reasons.
 Check the spelling, where the font is installed etc. etc.

 When in doubt, ask someone for help!


Missing character: There is no x in font nullfont!
Missing character: There is no x in font nullfont!
! Use of \??? doesn't match its definition.
<argument> \???  
                 ! LaTeX Error: Invalid operation (0)/(0)
l.18 ^^I\setmathfont
                    [Scale=MatchLowercase]{Latin Modern Math}
If you say, e.g., `\def\a1{...}', then you must always
put `1' after `\a', since control sequence names are
made up of letters only. The macro here has not been
followed by the required stuff, so I'm ignoring it.

! Use of \??? doesn't match its definition.
<argument> \???  
                 ! LaTeX Error: Invalid operation fp_to_decimal(nan)
l.18 ^^I\setmathfont
                    [Scale=MatchLowercase]{Latin Modern Math}
If you say, e.g., `\def\a1{...}', then you must always
put `1' after `\a', since control sequence names are
made up of letters only. The macro here has not been
followed by the required stuff, so I'm ignoring it.


Package fontspec Info: 
(fontspec)             Times New Roman scale = 0.

Missing character: There is no x in font nullfont!
Missing character: There is no x in font nullfont!
! Use of \??? doesn't match its definition.
<argument> \???  
                 ! LaTeX Error: Invalid operation (0)/(0)
l.18 ^^I\setmathfont
                    [Scale=MatchLowercase]{Latin Modern Math}
If you say, e.g., `\def\a1{...}', then you must always
put `1' after `\a', since control sequence names are
made up of letters only. The macro here has not been
followed by the required stuff, so I'm ignoring it.

! Use of \??? doesn't match its definition.
<argument> \???  
                 ! LaTeX Error: Invalid operation fp_to_decimal(nan)
l.18 ^^I\setmathfont
                    [Scale=MatchLowercase]{Latin Modern Math}
If you say, e.g., `\def\a1{...}', then you must always
put `1' after `\a', since control sequence names are
made up of letters only. The macro here has not been
followed by the required stuff, so I'm ignoring it.


Package fontspec Info: 
(fontspec)             Times New Roman scale = 0.


Package fontspec Info: 
(fontspec)             Font family 'TimesNewRoman(3)' created for font 'Times
(fontspec)             New Roman' with options
(fontspec)             [Ligatures=TeX,Scale=MatchLowercase].
(fontspec)              
(fontspec)              This font family consists of the following NFSS
(fontspec)             series/shapes:
(fontspec)              
(fontspec)             - 'normal' (m/n) with NFSS spec.: <->s*[0]"Times New
(fontspec)             Roman"
(fontspec)             - 'small caps'  (m/sc) with NFSS spec.: <->s*[0]"Times
(fontspec)             New Roman"

LaTeX Font Info:    Overwriting math alphabet `\mathrm' in version `normal'
(Font)                  OT1/cmr/m/n --> TU/TimesNewRoman(3)/m/n on input line 1
8.
LaTeX Font Info:    Overwriting math alphabet `\mathit' in version `normal'
(Font)                  OT1/cmr/m/it --> TU/TimesNewRoman(3)/m/it on input line
 18.
LaTeX Font Info:    Overwriting math alphabet `\mathbf' in version `normal'
(Font)                  OT1/cmr/bx/n --> TU/TimesNewRoman(3)/b/n on input line 
18.
Missing character: There is no x in font nullfont!

Package fontspec Info: 
(fontspec)             Latin Modern Math scale = 0.


Package fontspec Info: 
(fontspec)             Could not resolve font "Latin Modern Math/B" (it
(fontspec)             probably doesn't exist).

Missing character: There is no x in font nullfont!

Package fontspec Info: 
(fontspec)             Latin Modern Math scale = 0.


Package fontspec Info: 
(fontspec)             Font family 'LatinModernMath(0)' created for font
(fontspec)             'Latin Modern Math' with options
(fontspec)             [BoldItalicFont={},ItalicFont={},SmallCapsFont={},Script
=Math,Scale={MatchLowercase}].
(fontspec)              
(fontspec)              This font family consists of the following NFSS
(fontspec)             series/shapes:
(fontspec)              
(fontspec)             - 'normal' (m/n) with NFSS spec.: <->s*[0]"Latin Modern
(fontspec)             Math/OT:script=math;language=dflt;"

LaTeX Font Info:    Font shape `TU/LatinModernMath(0)/m/n' will be
(Font)              scaled to size 0.0pt on input line 21.
! Improper `at' size (0.0pt), replaced by 10pt.
<to be read again> 
                   relax 
l.21 \usepackage
                {enumitem}^^I^^I^^I% Customize list environments
I can only handle fonts at positive sizes that are
less than 2048pt, so I've changed what you said to 10pt.

Missing character: There is no x in font nullfont!

Package fontspec Info: 
(fontspec)             Latin Modern Math scale = 0.


Package fontspec Info: 
(fontspec)             Could not resolve font "Latin Modern Math/B" (it
(fontspec)             probably doesn't exist).

Missing character: There is no x in font nullfont!

Package fontspec Info: 
(fontspec)             Latin Modern Math scale = 0.

Missing character: There is no x in font nullfont!

Package fontspec Info: 
(fontspec)             Latin Modern Math scale = 0.

Missing character: There is no x in font nullfont!

Package fontspec Info: 
(fontspec)             Latin Modern Math scale = 0.


Package fontspec Info: 
(fontspec)             Font family 'LatinModernMath(1)' created for font
(fontspec)             'Latin Modern Math' with options
(fontspec)             [BoldItalicFont={},ItalicFont={},SmallCapsFont={},Script
=Math,SizeFeatures={{Size=10.2-},{Size=7.2-10.2,Font=Latin
(fontspec)             Modern Math,Style=MathScript},{Size=-7.2,Font=Latin
(fontspec)             Modern
(fontspec)             Math,Style=MathScriptScript}},Scale={MatchLowercase}].
(fontspec)              
(fontspec)              This font family consists of the following NFSS
(fontspec)             series/shapes:
(fontspec)              
(fontspec)             - 'normal' (m/n) with NFSS spec.: <10.2->s*[0]"Latin
(fontspec)             Modern
(fontspec)             Math/OT:script=math;language=dflt;"<7.2-10.2>s*[0]"Latin

(fontspec)             Modern
(fontspec)             Math/OT:script=math;language=dflt;+ssty=0;"<-7.2>s*[0]"L
atin
(fontspec)             Modern Math/OT:script=math;language=dflt;+ssty=1;"

LaTeX Font Info:    Font shape `TU/LatinModernMath(1)/m/n' will be
(Font)              scaled to size 0.0pt on input line 21.
! Improper `at' size (0.0pt), replaced by 10pt.
<to be read again> 
                   relax 
l.21 \usepackage
                {enumitem}^^I^^I^^I% Customize list environments
I can only handle fonts at positive sizes that are
less than 2048pt, so I've changed what you said to 10pt.

LaTeX Font Info:    Encoding `OT1' has changed to `TU' for symbol font
(Font)              `operators' in the math version `normal' on input line 21.
LaTeX Font Info:    Overwriting symbol font `operators' in version `normal'
(Font)                  OT1/cmr/m/n --> TU/LatinModernMath(1)/m/n on input line
 21.
LaTeX Font Info:    Encoding `OT1' has changed to `TU' for symbol font
(Font)              `operators' in the math version `bold' on input line 21.
LaTeX Font Info:    Overwriting symbol font `operators' in version `bold'
(Font)                  OT1/cmr/bx/n --> TU/LatinModernMath(1)/b/n on input lin
e 21.
Missing character: There is no x in font nullfont!

Package fontspec Info: 
(fontspec)             Latin Modern Math scale = 0.


Package fontspec Info: 
(fontspec)             Latin Modern Math scale = 0.


Package fontspec Info: 
(fontspec)             Could not resolve font "Latin Modern Math/B" (it
(fontspec)             probably doesn't exist).

Missing character: There is no x in font nullfont!

Package fontspec Info: 
(fontspec)             Latin Modern Math scale = 0.


Package fontspec Info: 
(fontspec)             Latin Modern Math scale = 0.

Missing character: There is no x in font nullfont!

Package fontspec Info: 
(fontspec)             Latin Modern Math scale = 0.


Package fontspec Info: 
(fontspec)             Latin Modern Math scale = 0.

Missing character: There is no x in font nullfont!

Package fontspec Info: 
(fontspec)             Latin Modern Math scale = 0.


Package fontspec Info: 
(fontspec)             Latin Modern Math scale = 0.


Package fontspec Info: 
(fontspec)             Font family 'LatinModernMath(2)' created for font
(fontspec)             'Latin Modern Math' with options
(fontspec)             [BoldItalicFont={},ItalicFont={},SmallCapsFont={},Script
=Math,SizeFeatures={{Size=10.2-},{Size=7.2-10.2,Font=Latin
(fontspec)             Modern Math,Style=MathScript},{Size=-7.2,Font=Latin
(fontspec)             Modern
(fontspec)             Math,Style=MathScriptScript}},Scale={MatchLowercase},Sca
leAgain=1.0001,FontAdjustment={\fontdimen
(fontspec)             8\font =6.77pt\relax \fontdimen 9\font =3.94pt\relax
(fontspec)             \fontdimen 10\font =4.44pt\relax \fontdimen 11\font
(fontspec)             =6.86pt\relax \fontdimen 12\font =3.45pt\relax
(fontspec)             \fontdimen 13\font =3.63pt\relax \fontdimen 14\font
(fontspec)             =3.63pt\relax \fontdimen 15\font =2.89pt\relax
(fontspec)             \fontdimen 16\font =2.47pt\relax \fontdimen 17\font
(fontspec)             =2.47pt\relax \fontdimen 18\font =2.5pt\relax
(fontspec)             \fontdimen 19\font =2.0pt\relax \fontdimen 22\font
(fontspec)             =2.5pt\relax \fontdimen 20\font =0pt\relax \fontdimen
(fontspec)             21\font =0pt\relax }].
(fontspec)              
(fontspec)              This font family consists of the following NFSS
(fontspec)             series/shapes:
(fontspec)              
(fontspec)             - 'normal' (m/n) with NFSS spec.: <10.2->s*[0]"Latin
(fontspec)             Modern
(fontspec)             Math/OT:script=math;language=dflt;"<7.2-10.2>s*[0]"Latin

(fontspec)             Modern
(fontspec)             Math/OT:script=math;language=dflt;+ssty=0;"<-7.2>s*[0]"L
atin
(fontspec)             Modern Math/OT:script=math;language=dflt;+ssty=1;"

LaTeX Font Info:    Encoding `OMS' has changed to `TU' for symbol font
(Font)              `symbols' in the math version `normal' on input line 21.
LaTeX Font Info:    Overwriting symbol font `symbols' in version `normal'
(Font)                  OMS/cmsy/m/n --> TU/LatinModernMath(2)/m/n on input lin
e 21.
LaTeX Font Info:    Encoding `OMS' has changed to `TU' for symbol font
(Font)              `symbols' in the math version `bold' on input line 21.
LaTeX Font Info:    Overwriting symbol font `symbols' in version `bold'
(Font)                  OMS/cmsy/b/n --> TU/LatinModernMath(2)/b/n on input lin
e 21.
Missing character: There is no x in font nullfont!

Package fontspec Info: 
(fontspec)             Latin Modern Math scale = 0.


Package fontspec Info: 
(fontspec)             Latin Modern Math scale = 0.


Package fontspec Info: 
(fontspec)             Could not resolve font "Latin Modern Math/B" (it
(fontspec)             probably doesn't exist).

Missing character: There is no x in font nullfont!

Package fontspec Info: 
(fontspec)             Latin Modern Math scale = 0.


Package fontspec Info: 
(fontspec)             Latin Modern Math scale = 0.

Missing character: There is no x in font nullfont!

Package fontspec Info: 
(fontspec)             Latin Modern Math scale = 0.


Package fontspec Info: 
(fontspec)             Latin Modern Math scale = 0.

Missing character: There is no x in font nullfont!

Package fontspec Info: 
(fontspec)             Latin Modern Math scale = 0.


Package fontspec Info: 
(fontspec)             Latin Modern Math scale = 0.


Package fontspec Info: 
(fontspec)             Font family 'LatinModernMath(3)' created for font
(fontspec)             'Latin Modern Math' with options
(fontspec)             [BoldItalicFont={},ItalicFont={},SmallCapsFont={},Script
=Math,SizeFeatures={{Size=10.2-},{Size=7.2-10.2,Font=Latin
(fontspec)             Modern Math,Style=MathScript},{Size=-7.2,Font=Latin
(fontspec)             Modern
(fontspec)             Math,Style=MathScriptScript}},Scale={MatchLowercase},Sca
leAgain=0.9999,FontAdjustment={\fontdimen
(fontspec)             8\font =0.4pt\relax \fontdimen 9\font =2.0pt\relax
(fontspec)             \fontdimen 10\font =1.67pt\relax \fontdimen 11\font
(fontspec)             =1.11pt\relax \fontdimen 12\font =6.0pt\relax
(fontspec)             \fontdimen 13\font =0pt\relax }].
(fontspec)              
(fontspec)              This font family consists of the following NFSS
(fontspec)             series/shapes:
(fontspec)              
(fontspec)             - 'normal' (m/n) with NFSS spec.: <10.2->s*[0]"Latin
(fontspec)             Modern
(fontspec)             Math/OT:script=math;language=dflt;"<7.2-10.2>s*[0]"Latin

(fontspec)             Modern
(fontspec)             Math/OT:script=math;language=dflt;+ssty=0;"<-7.2>s*[0]"L
atin
(fontspec)             Modern Math/OT:script=math;language=dflt;+ssty=1;"

LaTeX Font Info:    Encoding `OMX' has changed to `TU' for symbol font
(Font)              `largesymbols' in the math version `normal' on input line 2
1.
LaTeX Font Info:    Overwriting symbol font `largesymbols' in version `normal'
(Font)                  OMX/cmex/m/n --> TU/LatinModernMath(3)/m/n on input lin
e 21.
LaTeX Font Info:    Encoding `OMX' has changed to `TU' for symbol font
(Font)              `largesymbols' in the math version `bold' on input line 21.

LaTeX Font Info:    Overwriting symbol font `largesymbols' in version `bold'
(Font)                  OMX/cmex/m/n --> TU/LatinModernMath(3)/b/n on input lin
e 21.
(/home/andreaspanayi8/.miktex/texmfs/install/tex/latex/enumitem/enumitem.sty
Package: enumitem 2019/06/20 v3.9 Customized lists
\labelindent=\skip61
\enit@outerparindent=\dimen172
\enit@toks=\toks30
\enit@inbox=\box56
\enit@count@id=\count305
\enitdp@description=\count306
)
(/home/andreaspanayi8/.miktex/texmfs/install/tex/latex/tools/multicol.sty
Package: multicol 2024/09/14 v1.9i multicolumn formatting (FMi)
\c@tracingmulticols=\count307
\mult@box=\box57
\multicol@leftmargin=\dimen173
\c@unbalance=\count308
\c@collectmore=\count309
\doublecol@number=\count310
\multicoltolerance=\count311
\multicolpretolerance=\count312
\full@width=\dimen174
\page@free=\dimen175
\premulticols=\dimen176
\postmulticols=\dimen177
\multicolsep=\skip62
\multicolbaselineskip=\skip63
\partial@page=\box58
\last@line=\box59
\mc@boxedresult=\box60
\maxbalancingoverflow=\dimen178
\mult@rightbox=\box61
\mult@grightbox=\box62
\mult@firstbox=\box63
\mult@gfirstbox=\box64
\@tempa=\box65
\@tempa=\box66
\@tempa=\box67
\@tempa=\box68
\@tempa=\box69
\@tempa=\box70
\@tempa=\box71
\@tempa=\box72
\@tempa=\box73
\@tempa=\box74
\@tempa=\box75
\@tempa=\box76
\@tempa=\box77
\@tempa=\box78
\@tempa=\box79
\@tempa=\box80
\@tempa=\box81
\@tempa=\box82
\@tempa=\box83
\@tempa=\box84
\@tempa=\box85
\@tempa=\box86
\@tempa=\box87
\@tempa=\box88
\@tempa=\box89
\@tempa=\box90
\@tempa=\box91
\@tempa=\box92
\@tempa=\box93
\@tempa=\box94
\@tempa=\box95
\@tempa=\box96
\@tempa=\box97
\@tempa=\box98
\@tempa=\box99
\@tempa=\box100
\c@minrows=\count313
\c@columnbadness=\count314
\c@finalcolumnbadness=\count315
\last@try=\dimen179
\multicolovershoot=\dimen180
\multicolundershoot=\dimen181
\mult@nat@firstbox=\box101
\colbreak@box=\box102
\mc@col@check@num=\count316
)
(/home/andreaspanayi8/.miktex/texmfs/install/tex/latex/xcolor/xcolor.sty
Package: xcolor 2024/09/29 v3.02 LaTeX color extensions (UK)

(/home/andreaspanayi8/.miktex/texmfs/install/tex/latex/graphics-cfg/color.cfg
File: color.cfg 2016/01/02 v1.6 sample color configuration
)
Package xcolor Info: Driver file: xetex.def on input line 274.

(/home/andreaspanayi8/.miktex/texmfs/install/tex/latex/graphics-def/xetex.def
File: xetex.def 2022/09/22 v5.0n Graphics/color driver for xetex
)
(/home/andreaspanayi8/.miktex/texmfs/install/tex/latex/graphics/mathcolor.ltx)
Package xcolor Info: Model `cmy' substituted by `cmy0' on input line 1349.
Package xcolor Info: Model `RGB' extended on input line 1365.
Package xcolor Info: Model `HTML' substituted by `rgb' on input line 1367.
Package xcolor Info: Model `Hsb' substituted by `hsb' on input line 1368.
Package xcolor Info: Model `tHsb' substituted by `hsb' on input line 1369.
Package xcolor Info: Model `HSB' substituted by `hsb' on input line 1370.
Package xcolor Info: Model `Gray' substituted by `gray' on input line 1371.
Package xcolor Info: Model `wave' substituted by `hsb' on input line 1372.
) (/home/andreaspanayi8/.miktex/texmfs/install/tex/latex/ulem/ulem.sty
\UL@box=\box103
\UL@hyphenbox=\box104
\UL@skip=\skip64
\UL@hook=\toks31
\UL@height=\dimen182
\UL@pe=\count317
\UL@pixel=\dimen183
\ULC@box=\box105
Package: ulem 2019/11/18
\ULdepth=\dimen184
)
(/home/andreaspanayi8/.miktex/texmfs/install/tex/latex/tools/array.sty
Package: array 2024/10/17 v2.6g Tabular extension package (FMi)
\col@sep=\dimen185
\ar@mcellbox=\box106
\extrarowheight=\dimen186
\NC@list=\toks32
\extratabsurround=\skip65
\backup@length=\skip66
\ar@cellbox=\box107
)
(/home/andreaspanayi8/.miktex/texmfs/install/tex/latex/booktabs/booktabs.sty
Package: booktabs 2020/01/12 v1.61803398 Publication quality tables
\heavyrulewidth=\dimen187
\lightrulewidth=\dimen188
\cmidrulewidth=\dimen189
\belowrulesep=\dimen190
\belowbottomsep=\dimen191
\aboverulesep=\dimen192
\abovetopsep=\dimen193
\cmidrulesep=\dimen194
\cmidrulekern=\dimen195
\defaultaddspace=\dimen196
\@cmidla=\count318
\@cmidlb=\count319
\@aboverulesep=\dimen197
\@belowrulesep=\dimen198
\@thisruleclass=\count320
\@lastruleclass=\count321
\@thisrulewidth=\dimen199
)
(/home/andreaspanayi8/.miktex/texmfs/install/tex/latex/graphics/graphicx.sty
Package: graphicx 2021/09/16 v1.2d Enhanced LaTeX Graphics (DPC,SPQR)

(/home/andreaspanayi8/.miktex/texmfs/install/tex/latex/graphics/graphics.sty
Package: graphics 2024/08/06 v1.4g Standard LaTeX Graphics (DPC,SPQR)

(/home/andreaspanayi8/.miktex/texmfs/install/tex/latex/graphics/trig.sty
Package: trig 2023/12/02 v1.11 sin cos tan (DPC)
)
(/home/andreaspanayi8/.miktex/texmfs/install/tex/latex/graphics-cfg/graphics.cf
g
File: graphics.cfg 2016/06/04 v1.11 sample graphics configuration
)
Package graphics Info: Driver file: xetex.def on input line 106.
)
\Gin@req@height=\dimen256
\Gin@req@width=\dimen257
) (/home/andreaspanayi8/.miktex/texmfs/install/tex/latex/url/url.sty
\Urlmuskip=\muskip19
Package: url 2013/09/16  ver 3.4  Verb mode for urls, etc.
)
(/home/andreaspanayi8/.miktex/texmfs/install/tex/latex/hyperref/hyperref.sty
Package: hyperref 2024-11-05 v7.01l Hypertext links for LaTeX

(/home/andreaspanayi8/.miktex/texmfs/install/tex/latex/kvsetkeys/kvsetkeys.sty
Package: kvsetkeys 2022-10-05 v1.19 Key value parser (HO)
)
(/home/andreaspanayi8/.miktex/texmfs/install/tex/generic/kvdefinekeys/kvdefinek
eys.sty
Package: kvdefinekeys 2019-12-19 v1.6 Define keys (HO)
)
(/home/andreaspanayi8/.miktex/texmfs/install/tex/generic/pdfescape/pdfescape.st
y
Package: pdfescape 2019/12/09 v1.15 Implements pdfTeX's escape features (HO)
 (/home/andreaspanayi8/.miktex/texmfs/install/tex/generic/ltxcmds/ltxcmds.sty
Package: ltxcmds 2023-12-04 v1.26 LaTeX kernel commands for general use (HO)
)
(/home/andreaspanayi8/.miktex/texmfs/install/tex/generic/pdftexcmds/pdftexcmds.
sty
Package: pdftexcmds 2020-06-27 v0.33 Utility functions of pdfTeX for LuaTeX (HO
)

(/home/andreaspanayi8/.miktex/texmfs/install/tex/generic/infwarerr/infwarerr.st
y
Package: infwarerr 2019/12/03 v1.5 Providing info/warning/error messages (HO)
)
Package pdftexcmds Info: \pdf@primitive is available.
Package pdftexcmds Info: \pdf@ifprimitive is available.
Package pdftexcmds Info: \pdfdraftmode not found.
)) (/home/andreaspanayi8/.miktex/texmfs/install/tex/latex/hycolor/hycolor.sty
Package: hycolor 2020-01-27 v1.10 Color options for hyperref/bookmark (HO)
) (/home/andreaspanayi8/.miktex/texmfs/install/tex/latex/hyperref/nameref.sty
Package: nameref 2023-11-26 v2.56 Cross-referencing by name of section

(/home/andreaspanayi8/.miktex/texmfs/install/tex/latex/refcount/refcount.sty
Package: refcount 2019/12/15 v3.6 Data extraction from label references (HO)
)
(/home/andreaspanayi8/.miktex/texmfs/install/tex/generic/gettitlestring/gettitl
estring.sty
Package: gettitlestring 2019/12/15 v1.6 Cleanup title references (HO)

(/home/andreaspanayi8/.miktex/texmfs/install/tex/latex/kvoptions/kvoptions.sty
Package: kvoptions 2022-06-15 v3.15 Key value format for package options (HO)
))
\c@section@level=\count322
)
(/home/andreaspanayi8/.miktex/texmfs/install/tex/generic/stringenc/stringenc.st
y
Package: stringenc 2019/11/29 v1.12 Convert strings between diff. encodings (HO
)
)
\@linkdim=\dimen258
\Hy@linkcounter=\count323
\Hy@pagecounter=\count324
 (/home/andreaspanayi8/.miktex/texmfs/install/tex/latex/hyperref/pd1enc.def
File: pd1enc.def 2024-11-05 v7.01l Hyperref: PDFDocEncoding definition (HO)
)
(/home/andreaspanayi8/.miktex/texmfs/install/tex/generic/intcalc/intcalc.sty
Package: intcalc 2019/12/15 v1.3 Expandable calculations with integers (HO)
)
\Hy@SavedSpaceFactor=\count325

(/home/andreaspanayi8/.miktex/texmfs/install/tex/latex/hyperref/puenc.def
File: puenc.def 2024-11-05 v7.01l Hyperref: PDF Unicode definition (HO)
)
Package hyperref Info: Option `final' set `true' on input line 4040.
Package hyperref Info: Option `colorlinks' set `true' on input line 4040.
Package hyperref Info: Hyper figures OFF on input line 4157.
Package hyperref Info: Link nesting OFF on input line 4162.
Package hyperref Info: Hyper index ON on input line 4165.
Package hyperref Info: Plain pages OFF on input line 4172.
Package hyperref Info: Backreferencing OFF on input line 4177.
Package hyperref Info: Implicit mode ON; LaTeX internals redefined.
Package hyperref Info: Bookmarks ON on input line 4424.
\c@Hy@tempcnt=\count326
LaTeX Info: Redefining \url on input line 4763.
\XeTeXLinkMargin=\dimen259

(/home/andreaspanayi8/.miktex/texmfs/install/tex/generic/bitset/bitset.sty
Package: bitset 2019/12/09 v1.3 Handle bit-vector datatype (HO)

(/home/andreaspanayi8/.miktex/texmfs/install/tex/generic/bigintcalc/bigintcalc.
sty
Package: bigintcalc 2019/12/15 v1.5 Expandable calculations on big integers (HO
)
))
\Fld@menulength=\count327
\Field@Width=\dimen260
\Fld@charsize=\dimen261
Package hyperref Info: Hyper figures OFF on input line 6042.
Package hyperref Info: Link nesting OFF on input line 6047.
Package hyperref Info: Hyper index ON on input line 6050.
Package hyperref Info: backreferencing OFF on input line 6057.
Package hyperref Info: Link coloring ON on input line 6060.
Package hyperref Info: Link coloring with OCG OFF on input line 6067.
Package hyperref Info: PDF/A mode OFF on input line 6072.

(/home/andreaspanayi8/.miktex/texmfs/install/tex/latex/base/atbegshi-ltx.sty
Package: atbegshi-ltx 2021/01/10 v1.0c Emulation of the original atbegshi
package with kernel methods
)
\Hy@abspage=\count328
\c@Item=\count329
\c@Hfootnote=\count330
)
Package hyperref Info: Driver (autodetected): hxetex.

(/home/andreaspanayi8/.miktex/texmfs/install/tex/latex/hyperref/hxetex.def
File: hxetex.def 2024-11-05 v7.01l Hyperref driver for XeTeX
\pdfm@box=\box108
\c@Hy@AnnotLevel=\count331
\HyField@AnnotCount=\count332
\Fld@listcount=\count333
\c@bookmark@seq@number=\count334

(/home/andreaspanayi8/.miktex/texmfs/install/tex/latex/rerunfilecheck/rerunfile
check.sty
Package: rerunfilecheck 2022-07-10 v1.10 Rerun checks for auxiliary files (HO)

(/home/andreaspanayi8/.miktex/texmfs/install/tex/latex/base/atveryend-ltx.sty
Package: atveryend-ltx 2020/08/19 v1.0a Emulation of the original atveryend pac
kage
with kernel methods
)
(/home/andreaspanayi8/.miktex/texmfs/install/tex/generic/uniquecounter/uniqueco
unter.sty
Package: uniquecounter 2019/12/15 v1.4 Provide unlimited unique counter (HO)
)
Package uniquecounter Info: New unique counter `rerunfilecheck' on input line 2
85.
)
\Hy@SectionHShift=\skip67
)
(/home/andreaspanayi8/.miktex/texmfs/install/tex/xelatex/xunicode/xunicode.sty
File: xunicode.sty 2011/09/09 v0.981 provides access to latin accents and many 
other characters in Unicode lower plane

(/home/andreaspanayi8/.miktex/texmfs/install/tex/latex/tipa/t3enc.def
File: t3enc.def 2001/12/31 T3 encoding


LaTeX Font Warning: Font shape `TU/TimesNewRoman(2)/m/sl' undefined
(Font)              using `TU/TimesNewRoman(2)/m/n' instead on input line 316.


LaTeX Font Warning: Font shape `TU/TimesNewRoman(2)/m/it' undefined
(Font)              using `TU/TimesNewRoman(2)/m/sl' instead on input line 316.


! Number too big.
optional@arg ->10000000000
                          00000000000000000000000000000000000000000000000000...
l.316 }{}
         
I can only go up to 2147483647='17777777777="7FFFFFFF,
so I'm using that number instead of yours.

! Dimension too large.
<recently read> @tempdimb 
                          
l.316 }{}
         
I can't work with sizes bigger than about 19 feet.
Continue and I'll use the largest value I can.

LaTeX Font Info:    Font shape `TU/TimesNewRoman(2)/m/sl' will be
(Font)              scaled to size 16383.99998pt on input line 316.
! Improper `at' size (16383.99998pt), replaced by 10pt.
<to be read again> 
                   relax 
l.316 }{}
         
I can only handle fonts at positive sizes that are
less than 2048pt, so I've changed what you said to 10pt.

! Font TU/TimesNewRoman(2)/m/sl/12="Times New Roman" at 10.0pt not loadable: Me
tric (TFM) file or installed font not found.
<to be read again> 
                   relax 
l.316 }{}
         
I wasn't able to read the size data for this font,
so I will ignore the font specification.
[Wizards can fix TFM files using TFtoPL/PLtoTF.]
You might try inserting a different font spec;
e.g., type `I\font<same font id>=<substitute font name>'.


LaTeX Font Warning: Font shape `TU/TimesNewRoman(2)/b/n' undefined
(Font)              using `TU/TimesNewRoman(2)/m/n' instead on input line 356.

)
\tipaTiiicode=\count335
\tipasavetokens=\toks33
\tipachecktokens=\toks34
) (/home/andreaspanayi8/.miktex/texmfs/install/tex/latex/xltxtra/xltxtra.sty
Package: xltxtra 2018/12/31 v0.7 Improvements for the "XeLaTeX" format

(/home/andreaspanayi8/.miktex/texmfs/install/tex/generic/iftex/ifluatex.sty
Package: ifluatex 2019/10/25 v1.5 ifluatex legacy package. Use iftex instead.
)
(/home/andreaspanayi8/.miktex/texmfs/install/tex/generic/iftex/ifxetex.sty
Package: ifxetex 2019/10/25 v0.7 ifxetex legacy package. Use iftex instead.
)
(/home/andreaspanayi8/.miktex/texmfs/install/tex/latex/realscripts/realscripts.
sty
Package: realscripts 2016/02/13 v0.3d Access OpenType subscripts and superscrip
ts
\subsupersep=\dimen262
)
(/home/andreaspanayi8/.miktex/texmfs/install/tex/latex/metalogo/metalogo.sty
Package: metalogo 2010/05/29 v0.12 Extended TeX logo macros
\xl@everylogo=\toks35
\xl@@everylogo=\toks36
LaTeX Info: Redefining \TeX on input line 193.
LaTeX Info: Redefining \LaTeX on input line 202.
LaTeX Info: Redefining \LaTeXe on input line 219.
)
\l__xetex_show_hyphens_wrapping_box=\box109
\l__xetex_show_hyphens_temp_box=\box110
\l__xetex_show_hyphens_final_box=\box111
\g__xetex_show_hyphens_word_box=\box112
)
\c@exercise=\count336
)
\c@solution=\count337

LaTeX Warning: Unused global option(s):
    [xelatex].


(/run/media/andreaspanayi8/Acer/Users/andre/Documents/(Xe)LaTeX Templates/build
/MainTemplate.aux)
\openout1 = `MainTemplate.aux'.

LaTeX Font Info:    Checking defaults for OML/cmm/m/it on input line 10.
LaTeX Font Info:    ... okay on input line 10.
LaTeX Font Info:    Checking defaults for OMS/cmsy/m/n on input line 10.
LaTeX Font Info:    ... okay on input line 10.
LaTeX Font Info:    Checking defaults for OT1/cmr/m/n on input line 10.
LaTeX Font Info:    ... okay on input line 10.
LaTeX Font Info:    Checking defaults for T1/cmr/m/n on input line 10.
LaTeX Font Info:    ... okay on input line 10.
LaTeX Font Info:    Checking defaults for TS1/cmr/m/n on input line 10.
LaTeX Font Info:    ... okay on input line 10.
LaTeX Font Info:    Checking defaults for TU/lmr/m/n on input line 10.
LaTeX Font Info:    ... okay on input line 10.
LaTeX Font Info:    Checking defaults for OMX/cmex/m/n on input line 10.
LaTeX Font Info:    ... okay on input line 10.
LaTeX Font Info:    Checking defaults for U/cmr/m/n on input line 10.
LaTeX Font Info:    ... okay on input line 10.
LaTeX Font Info:    Checking defaults for PD1/pdf/m/n on input line 10.
LaTeX Font Info:    ... okay on input line 10.
LaTeX Font Info:    Checking defaults for PU/pdf/m/n on input line 10.
LaTeX Font Info:    ... okay on input line 10.
LaTeX Font Info:    Checking defaults for T3/cmr/m/n on input line 10.
LaTeX Font Info:    Trying to load font information for T3+cmr on input line 10
.

(/home/andreaspanayi8/.miktex/texmfs/install/tex/latex/tipa/t3cmr.fd
File: t3cmr.fd 2001/12/31 TIPA font definitions
)
LaTeX Font Info:    ... okay on input line 10.

*geometry* driver: auto-detecting
*geometry* detected driver: xetex
*geometry* verbose mode - [ preamble ] result:
* driver: xetex
* paper: a4paper
* layout: <same size as paper>
* layoutoffset:(h,v)=(0.0pt,0.0pt)
* modes: 
* h-part:(L,W,R)=(42.67912pt, 512.14963pt, 42.67912pt)
* v-part:(T,H,B)=(42.67912pt, 759.6886pt, 42.67912pt)
* \paperwidth=597.50787pt
* \paperheight=845.04684pt
* \textwidth=512.14963pt
* \textheight=759.6886pt
* \oddsidemargin=-29.59087pt
* \evensidemargin=-29.59087pt
* \topmargin=-66.59087pt
* \headheight=12.0pt
* \headsep=25.0pt
* \topskip=12.0pt
* \footskip=30.0pt
* \marginparwidth=35.0pt
* \marginparsep=10.0pt
* \columnsep=10.0pt
* \skip\footins=10.8pt plus 4.0pt minus 2.0pt
* \hoffset=0.0pt
* \voffset=0.0pt
* \mag=1000
* \@twocolumnfalse
* \@twosidefalse
* \@mparswitchfalse
* \@reversemarginfalse
* (1in=72.27pt=25.4mm, 1cm=28.453pt)

LaTeX Font Info:    Overwriting math alphabet `\mathsf' in version `normal'
(Font)                  OT1/cmss/m/n --> TU/lmss/m/n on input line 10.
LaTeX Font Info:    Overwriting math alphabet `\mathsf' in version `bold'
(Font)                  OT1/cmss/bx/n --> TU/lmss/b/n on input line 10.
LaTeX Font Info:    Overwriting math alphabet `\mathtt' in version `normal'
(Font)                  OT1/cmtt/m/n --> TU/lmtt/m/n on input line 10.
LaTeX Font Info:    Overwriting math alphabet `\mathtt' in version `bold'
(Font)                  OT1/cmtt/m/n --> TU/lmtt/b/n on input line 10.

Package unicode-math Warning: Using \overbracket and \underbracket from
(unicode-math)                `mathtools' package.
(unicode-math)                 
(unicode-math)                 Use \Uoverbracket and \Uunderbracket for
(unicode-math)                original `unicode-math' definition.


Package unicode-math Warning: I'm going to overwrite the following commands
(unicode-math)                from the `mathtools' package: 
(unicode-math)                 
(unicode-math)                     \dblcolon, \coloneqq, \Coloneqq, \eqqcolon.
(unicode-math)                
(unicode-math)                 
(unicode-math)                 Note that since I won't overwrite the other
(unicode-math)                colon-like commands, using them will lead to
(unicode-math)                inconsistencies.

Package hyperref Info: Link coloring ON on input line 10.

(/run/media/andreaspanayi8/Acer/Users/andre/Documents/(Xe)LaTeX Templates/build
/MainTemplate.out)
(/run/media/andreaspanayi8/Acer/Users/andre/Documents/(Xe)LaTeX Templates/build
/MainTemplate.out)
\@outlinefile=\write3
\openout3 = `MainTemplate.out'.



Package polyglossia Warning: No hyphenation patterns were loaded for `greek'
(polyglossia)                I will use \language=\l@nohyphenation instead.

\l@greek = a dialect from \language\l@nohyphenation 

Package polyglossia Warning: No hyphenation patterns were loaded for Monotonic
(polyglossia)                Greek\MessageBreak I will use the patterns loaded
(polyglossia)                for \l@greek instead

\l@monogreek = a dialect from \language\l@greek 
! Font TU/TimesNewRoman(0)/m/n/12="Times New Roman/OT" at 12.0pt not loadable: 
Metric (TFM) file or installed font not found.
<to be read again> 
                   relax 
l.10 \begin{document}
                     
I wasn't able to read the size data for this font,
so I will ignore the font specification.
[Wizards can fix TFM files using TFtoPL/PLtoTF.]
You might try inserting a different font spec;
e.g., type `I\font<same font id>=<substitute font name>'.


Package polyglossia Warning: No hyphenation patterns were loaded for `greek'
(polyglossia)                I will use \language=\l@nohyphenation instead.

\l@greek = a dialect from \language\l@nohyphenation 

Package polyglossia Warning: No hyphenation patterns were loaded for Monotonic
(polyglossia)                Greek\MessageBreak I will use the patterns loaded
(polyglossia)                for \l@greek instead

\l@monogreek = a dialect from \language\l@greek 

Package polyglossia Warning: No hyphenation patterns were loaded for `greek'
(polyglossia)                I will use \language=\l@nohyphenation instead.

\l@greek = a dialect from \language\l@nohyphenation 

Package polyglossia Warning: No hyphenation patterns were loaded for Monotonic
(polyglossia)                Greek\MessageBreak I will use the patterns loaded
(polyglossia)                for \l@greek instead

\l@monogreek = a dialect from \language\l@greek 
! Font TU/TimesNewRoman(0)/m/n/20.74="Times New Roman/OT" at 20.74pt not loadab
le: Metric (TFM) file or installed font not found.
<to be read again> 
                   relax 
l.28 ^^I
        
I wasn't able to read the size data for this font,
so I will ignore the font specification.
[Wizards can fix TFM files using TFtoPL/PLtoTF.]
You might try inserting a different font spec;
e.g., type `I\font<same font id>=<substitute font name>'.

Missing character: There is no Τ in font nullfont!
Missing character: There is no ί in font nullfont!
Missing character: There is no τ in font nullfont!
Missing character: There is no λ in font nullfont!
Missing character: There is no ο in font nullfont!
Missing character: There is no ς in font nullfont!
! Font TU/TimesNewRoman(0)/m/n/14.4="Times New Roman/OT" at 14.4pt not loadable
: Metric (TFM) file or installed font not found.
<to be read again> 
                   relax 
l.28 ^^I
        
I wasn't able to read the size data for this font,
so I will ignore the font specification.
[Wizards can fix TFM files using TFtoPL/PLtoTF.]
You might try inserting a different font spec;
e.g., type `I\font<same font id>=<substitute font name>'.

LaTeX Font Info:    Font shape `TU/LatinModernMath(1)/m/n' will be
(Font)              scaled to size 0.0pt on input line 28.
! Improper `at' size (0.0pt), replaced by 10pt.
<to be read again> 
                   relax 
l.28 ^^I
        
I can only handle fonts at positive sizes that are
less than 2048pt, so I've changed what you said to 10pt.

LaTeX Font Info:    Font shape `TU/LatinModernMath(1)/m/n' will be
(Font)              scaled to size 0.0pt on input line 28.
! Improper `at' size (0.0pt), replaced by 10pt.
<to be read again> 
                   relax 
l.28 ^^I
        
I can only handle fonts at positive sizes that are
less than 2048pt, so I've changed what you said to 10pt.

LaTeX Font Info:    Font shape `TU/LatinModernMath(1)/m/n' will be
(Font)              scaled to size 0.0pt on input line 28.
! Improper `at' size (0.0pt), replaced by 10pt.
<to be read again> 
                   relax 
l.28 ^^I
        
I can only handle fonts at positive sizes that are
less than 2048pt, so I've changed what you said to 10pt.

LaTeX Font Info:    Font shape `TU/LatinModernMath(2)/m/n' will be
(Font)              scaled to size 0.0pt on input line 28.
! Improper `at' size (0.0pt), replaced by 10pt.
<to be read again> 
                   relax 
l.28 ^^I
        
I can only handle fonts at positive sizes that are
less than 2048pt, so I've changed what you said to 10pt.

LaTeX Font Info:    Font shape `TU/LatinModernMath(2)/m/n' will be
(Font)              scaled to size 0.0pt on input line 28.
! Improper `at' size (0.0pt), replaced by 10pt.
<to be read again> 
                   relax 
l.28 ^^I
        
I can only handle fonts at positive sizes that are
less than 2048pt, so I've changed what you said to 10pt.

LaTeX Font Info:    Font shape `TU/LatinModernMath(2)/m/n' will be
(Font)              scaled to size 0.0pt on input line 28.
! Improper `at' size (0.0pt), replaced by 10pt.
<to be read again> 
                   relax 
l.28 ^^I
        
I can only handle fonts at positive sizes that are
less than 2048pt, so I've changed what you said to 10pt.

LaTeX Font Info:    Font shape `TU/LatinModernMath(3)/m/n' will be
(Font)              scaled to size 0.0pt on input line 28.
! Improper `at' size (0.0pt), replaced by 10pt.
<to be read again> 
                   relax 
l.28 ^^I
        
I can only handle fonts at positive sizes that are
less than 2048pt, so I've changed what you said to 10pt.

LaTeX Font Info:    Font shape `TU/LatinModernMath(3)/m/n' will be
(Font)              scaled to size 0.0pt on input line 28.
! Improper `at' size (0.0pt), replaced by 10pt.
<to be read again> 
                   relax 
l.28 ^^I
        
I can only handle fonts at positive sizes that are
less than 2048pt, so I've changed what you said to 10pt.

LaTeX Font Info:    Font shape `TU/LatinModernMath(3)/m/n' will be
(Font)              scaled to size 0.0pt on input line 28.
! Improper `at' size (0.0pt), replaced by 10pt.
<to be read again> 
                   relax 
l.28 ^^I
        
I can only handle fonts at positive sizes that are
less than 2048pt, so I've changed what you said to 10pt.

LaTeX Font Info:    Trying to load font information for U+msa on input line 28.

(/home/andreaspanayi8/.miktex/texmfs/install/tex/latex/amsfonts/umsa.fd
File: umsa.fd 2013/01/14 v3.01 AMS symbols A
)
LaTeX Font Info:    Trying to load font information for U+msb on input line 28.


(/home/andreaspanayi8/.miktex/texmfs/install/tex/latex/amsfonts/umsb.fd
File: umsb.fd 2013/01/14 v3.01 AMS symbols B
)
Missing character: There is no Π in font nullfont!
Missing character: There is no α in font nullfont!
Missing character: There is no ν in font nullfont!
Missing character: There is no α in font nullfont!
Missing character: There is no γ in font nullfont!
Missing character: There is no ή in font nullfont!
Missing character: There is no Α in font nullfont!
Missing character: There is no ν in font nullfont!
Missing character: There is no τ in font nullfont!
Missing character: There is no ρ in font nullfont!
Missing character: There is no έ in font nullfont!
Missing character: There is no α in font nullfont!
Missing character: There is no ς in font nullfont!
Missing character: There is no Τ in font nullfont!
Missing character: There is no μ in font nullfont!
Missing character: There is no ή in font nullfont!
Missing character: There is no μ in font nullfont!
Missing character: There is no α in font nullfont!
Missing character: There is no Μ in font nullfont!
Missing character: There is no α in font nullfont!
Missing character: There is no θ in font nullfont!
Missing character: There is no η in font nullfont!
Missing character: There is no μ in font nullfont!
Missing character: There is no α in font nullfont!
Missing character: There is no τ in font nullfont!
Missing character: There is no ι in font nullfont!
Missing character: There is no κ in font nullfont!
Missing character: There is no ώ in font nullfont!
Missing character: There is no ν in font nullfont!
Missing character: There is no Ε in font nullfont!
Missing character: There is no θ in font nullfont!
Missing character: There is no ν in font nullfont!
Missing character: There is no ι in font nullfont!
Missing character: There is no κ in font nullfont!
Missing character: There is no ό in font nullfont!
Missing character: There is no ν in font nullfont!
Missing character: There is no κ in font nullfont!
Missing character: There is no α in font nullfont!
Missing character: There is no ι in font nullfont!
Missing character: There is no Κ in font nullfont!
Missing character: There is no α in font nullfont!
Missing character: There is no π in font nullfont!
Missing character: There is no ο in font nullfont!
Missing character: There is no δ in font nullfont!
Missing character: There is no ι in font nullfont!
Missing character: There is no σ in font nullfont!
Missing character: There is no τ in font nullfont!
Missing character: There is no ρ in font nullfont!
Missing character: There is no ι in font nullfont!
Missing character: There is no α in font nullfont!
Missing character: There is no κ in font nullfont!
Missing character: There is no ό in font nullfont!
Missing character: There is no ν in font nullfont!
Missing character: There is no Π in font nullfont!
Missing character: There is no α in font nullfont!
Missing character: There is no ν in font nullfont!
Missing character: There is no ε in font nullfont!
Missing character: There is no π in font nullfont!
Missing character: There is no ι in font nullfont!
Missing character: There is no σ in font nullfont!
Missing character: There is no τ in font nullfont!
Missing character: There is no ή in font nullfont!
Missing character: There is no μ in font nullfont!
Missing character: There is no ι in font nullfont!
Missing character: There is no ο in font nullfont!
Missing character: There is no ν in font nullfont!
Missing character: There is no Α in font nullfont!
Missing character: There is no θ in font nullfont!
Missing character: There is no η in font nullfont!
Missing character: There is no ν in font nullfont!
Missing character: There is no ώ in font nullfont!
Missing character: There is no ν in font nullfont!
Missing character: There is no Α in font nullfont!
Missing character: There is no θ in font nullfont!
Missing character: There is no ή in font nullfont!
Missing character: There is no ν in font nullfont!
Missing character: There is no α in font nullfont!
Missing character: There is no , in font nullfont!
Missing character: There is no Ε in font nullfont!
Missing character: There is no λ in font nullfont!
Missing character: There is no λ in font nullfont!
Missing character: There is no ά in font nullfont!
Missing character: There is no δ in font nullfont!
Missing character: There is no α in font nullfont!
! Font TU/TimesNewRoman(0)/m/n/10="Times New Roman/OT" at 10.0pt not loadable: 
Metric (TFM) file or installed font not found.
<to be read again> 
                   relax 
l.28 ^^I
        
I wasn't able to read the size data for this font,
so I will ignore the font specification.
[Wizards can fix TFM files using TFtoPL/PLtoTF.]
You might try inserting a different font spec;
e.g., type `I\font<same font id>=<substitute font name>'.

Missing character: There is no * in font nullfont!
Missing character: There is no Μ in font nullfont!
Missing character: There is no ή in font nullfont!
Missing character: There is no ν in font nullfont!
Missing character: There is no α in font nullfont!
Missing character: There is no ς in font nullfont!
Missing character: There is no Χ in font nullfont!
Missing character: There is no ρ in font nullfont!
Missing character: There is no ο in font nullfont!
Missing character: There is no ν in font nullfont!
Missing character: There is no ο in font nullfont!
Missing character: There is no λ in font nullfont!
Missing character: There is no ο in font nullfont!
Missing character: There is no γ in font nullfont!
Missing character: There is no ί in font nullfont!
Missing character: There is no α in font nullfont!
LaTeX Font Info:    Font shape `TU/LatinModernMath(1)/m/n' will be
(Font)              scaled to size 0.0pt on input line 28.
! Improper `at' size (0.0pt), replaced by 10pt.
<to be read again> 
                   relax 
l.28 ^^I
        
I can only handle fonts at positive sizes that are
less than 2048pt, so I've changed what you said to 10pt.

LaTeX Font Info:    Font shape `TU/LatinModernMath(2)/m/n' will be
(Font)              scaled to size 0.0pt on input line 28.
! Improper `at' size (0.0pt), replaced by 10pt.
<to be read again> 
                   relax 
l.28 ^^I
        
I can only handle fonts at positive sizes that are
less than 2048pt, so I've changed what you said to 10pt.

LaTeX Font Info:    Font shape `TU/LatinModernMath(3)/m/n' will be
(Font)              scaled to size 0.0pt on input line 28.
! Improper `at' size (0.0pt), replaced by 10pt.
<to be read again> 
                   relax 
l.28 ^^I
        
I can only handle fonts at positive sizes that are
less than 2048pt, so I've changed what you said to 10pt.

! Font TU/TimesNewRoman(0)/m/n/7="Times New Roman/OT" at 7.0pt not loadable: Me
tric (TFM) file or installed font not found.
<to be read again> 
                   relax 
l.28 ^^I
        
I wasn't able to read the size data for this font,
so I will ignore the font specification.
[Wizards can fix TFM files using TFtoPL/PLtoTF.]
You might try inserting a different font spec;
e.g., type `I\font<same font id>=<substitute font name>'.

Missing character: There is no * in font nullfont!
Missing character: There is no Σ in font nullfont!
Missing character: There is no η in font nullfont!
Missing character: There is no μ in font nullfont!
Missing character: There is no ε in font nullfont!
Missing character: There is no ι in font nullfont!
Missing character: There is no ώ in font nullfont!
Missing character: There is no σ in font nullfont!
Missing character: There is no ε in font nullfont!
Missing character: There is no ι in font nullfont!
Missing character: There is no ς in font nullfont!
Missing character: There is no , in font nullfont!
Missing character: There is no ( in font nullfont!
Missing character: There is no a in font nullfont!
Missing character: There is no n in font nullfont!
Missing character: There is no d in font nullfont!
Missing character: There is no r in font nullfont!
Missing character: There is no e in font nullfont!
Missing character: There is no a in font nullfont!
Missing character: There is no s in font nullfont!
Missing character: There is no p in font nullfont!
Missing character: There is no a in font nullfont!
Missing character: There is no n in font nullfont!
Missing character: There is no a in font nullfont!
Missing character: There is no y in font nullfont!
Missing character: There is no i in font nullfont!
Missing character: There is no 8 in font nullfont!
Missing character: There is no @ in font nullfont!
Missing character: There is no g in font nullfont!
Missing character: There is no m in font nullfont!
Missing character: There is no a in font nullfont!
Missing character: There is no i in font nullfont!
Missing character: There is no l in font nullfont!
Missing character: There is no . in font nullfont!
Missing character: There is no c in font nullfont!
Missing character: There is no o in font nullfont!
Missing character: There is no m in font nullfont!
Missing character: There is no ) in font nullfont!
File: ekpa_logo.jpg Graphic file (type bmp)
<ekpa_logo.jpg>

LaTeX Font Warning: Font shape `TU/TimesNewRoman(0)/b/n' undefined
(Font)              using `TU/TimesNewRoman(0)/m/n' instead on input line 34.

Missing character: There is no Ε in font nullfont!
Missing character: There is no Λ in font nullfont!
Missing character: There is no Λ in font nullfont!
Missing character: There is no Η in font nullfont!
Missing character: There is no Ν in font nullfont!
Missing character: There is no Ι in font nullfont!
Missing character: There is no Κ in font nullfont!
Missing character: There is no Η in font nullfont!
Missing character: There is no Δ in font nullfont!
Missing character: There is no Η in font nullfont!
Missing character: There is no Μ in font nullfont!
Missing character: There is no Ο in font nullfont!
Missing character: There is no Κ in font nullfont!
Missing character: There is no Ρ in font nullfont!
Missing character: There is no Α in font nullfont!
Missing character: There is no Τ in font nullfont!
Missing character: There is no Ι in font nullfont!
Missing character: There is no Α in font nullfont!
! Font TU/TimesNewRoman(0)/b/n/12="Times New Roman/OT" at 12.0pt not loadable: 
Metric (TFM) file or installed font not found.
<to be read again> 
                   relax 
l.35 ^^I\textbf{Εθνικόν και Καποδιστριακόν}
                                           \\
I wasn't able to read the size data for this font,
so I will ignore the font specification.
[Wizards can fix TFM files using TFtoPL/PLtoTF.]
You might try inserting a different font spec;
e.g., type `I\font<same font id>=<substitute font name>'.

Missing character: There is no Ε in font nullfont!
Missing character: There is no θ in font nullfont!
Missing character: There is no ν in font nullfont!
Missing character: There is no ι in font nullfont!
Missing character: There is no κ in font nullfont!
Missing character: There is no ό in font nullfont!
Missing character: There is no ν in font nullfont!
Missing character: There is no κ in font nullfont!
Missing character: There is no α in font nullfont!
Missing character: There is no ι in font nullfont!
Missing character: There is no Κ in font nullfont!
Missing character: There is no α in font nullfont!
Missing character: There is no π in font nullfont!
Missing character: There is no ο in font nullfont!
Missing character: There is no δ in font nullfont!
Missing character: There is no ι in font nullfont!
Missing character: There is no σ in font nullfont!
Missing character: There is no τ in font nullfont!
Missing character: There is no ρ in font nullfont!
Missing character: There is no ι in font nullfont!
Missing character: There is no α in font nullfont!
Missing character: There is no κ in font nullfont!
Missing character: There is no ό in font nullfont!
Missing character: There is no ν in font nullfont!
Missing character: There is no Π in font nullfont!
Missing character: There is no α in font nullfont!
Missing character: There is no ν in font nullfont!
Missing character: There is no ε in font nullfont!
Missing character: There is no π in font nullfont!
Missing character: There is no ι in font nullfont!
Missing character: There is no σ in font nullfont!
Missing character: There is no τ in font nullfont!
Missing character: There is no ή in font nullfont!
Missing character: There is no μ in font nullfont!
Missing character: There is no ι in font nullfont!
Missing character: There is no ο in font nullfont!
Missing character: There is no Α in font nullfont!
Missing character: There is no θ in font nullfont!
Missing character: There is no η in font nullfont!
Missing character: There is no ν in font nullfont!
Missing character: There is no ώ in font nullfont!
Missing character: There is no ν in font nullfont!


[1


]
(/run/media/andreaspanayi8/Acer/Users/andre/Documents/(Xe)LaTeX Templates/build
/MainTemplate.toc

Package polyglossia Warning: No hyphenation patterns were loaded for `greek'
(polyglossia)                I will use \language=\l@nohyphenation instead.

\l@greek = a dialect from \language\l@nohyphenation 

Package polyglossia Warning: No hyphenation patterns were loaded for Monotonic
(polyglossia)                Greek\MessageBreak I will use the patterns loaded
(polyglossia)                for \l@greek instead

\l@monogreek = a dialect from \language\l@greek 

Package polyglossia Warning: No hyphenation patterns were loaded for `greek'
(polyglossia)                I will use \language=\l@nohyphenation instead.

\l@greek = a dialect from \language\l@nohyphenation 

Package polyglossia Warning: No hyphenation patterns were loaded for Monotonic
(polyglossia)                Greek\MessageBreak I will use the patterns loaded
(polyglossia)                for \l@greek instead

\l@monogreek = a dialect from \language\l@greek 

Package polyglossia Warning: No hyphenation patterns were loaded for `greek'
(polyglossia)                I will use \language=\l@nohyphenation instead.

\l@greek = a dialect from \language\l@nohyphenation 

Package polyglossia Warning: No hyphenation patterns were loaded for Monotonic
(polyglossia)                Greek\MessageBreak I will use the patterns loaded
(polyglossia)                for \l@greek instead

\l@monogreek = a dialect from \language\l@greek 
! Font TU/TimesNewRoman(0)/m/n/17.28="Times New Roman/OT" at 17.28pt not loadab
le: Metric (TFM) file or installed font not found.
<to be read again> 
                   relax 
l.2 ...ction}{\numberline {1}Άσκηση}{1}{section.1}
                                                  %
I wasn't able to read the size data for this font,
so I will ignore the font specification.
[Wizards can fix TFM files using TFtoPL/PLtoTF.]
You might try inserting a different font spec;
e.g., type `I\font<same font id>=<substitute font name>'.

! Font TU/TimesNewRoman(0)/b/n/17.28="Times New Roman/OT" at 17.28pt not loadab
le: Metric (TFM) file or installed font not found.
<to be read again> 
                   relax 
l.2 ...ction}{\numberline {1}Άσκηση}{1}{section.1}
                                                  %
I wasn't able to read the size data for this font,
so I will ignore the font specification.
[Wizards can fix TFM files using TFtoPL/PLtoTF.]
You might try inserting a different font spec;
e.g., type `I\font<same font id>=<substitute font name>'.

Missing character: There is no Π in font nullfont!
Missing character: There is no ε in font nullfont!
Missing character: There is no ρ in font nullfont!
Missing character: There is no ι in font nullfont!
Missing character: There is no ε in font nullfont!
Missing character: There is no χ in font nullfont!
Missing character: There is no ό in font nullfont!
Missing character: There is no μ in font nullfont!
Missing character: There is no ε in font nullfont!
Missing character: There is no ν in font nullfont!
Missing character: There is no α in font nullfont!
Missing character: There is no 1 in font nullfont!
Missing character: There is no Ά in font nullfont!
Missing character: There is no σ in font nullfont!
Missing character: There is no κ in font nullfont!
Missing character: There is no η in font nullfont!
Missing character: There is no σ in font nullfont!
Missing character: There is no η in font nullfont!
Missing character: There is no 1 in font nullfont!
Missing character: There is no 1 in font nullfont!
Missing character: There is no . in font nullfont!
Missing character: There is no 1 in font nullfont!
Missing character: There is no Ε in font nullfont!
Missing character: There is no κ in font nullfont!
Missing character: There is no φ in font nullfont!
Missing character: There is no ώ in font nullfont!
Missing character: There is no ν in font nullfont!
Missing character: There is no η in font nullfont!
Missing character: There is no σ in font nullfont!
Missing character: There is no η in font nullfont!
LaTeX Font Info:    Font shape `TU/LatinModernMath(1)/m/n' will be
(Font)              scaled to size 0.0pt on input line 3.
! Improper `at' size (0.0pt), replaced by 10pt.
<to be read again> 
                   relax 
l.3 ...umberline {1.1}Εκφώνηση}{1}{subsection.1.1}
                                                  %
I can only handle fonts at positive sizes that are
less than 2048pt, so I've changed what you said to 10pt.

LaTeX Font Info:    Font shape `TU/LatinModernMath(1)/m/n' will be
(Font)              scaled to size 0.0pt on input line 3.
! Improper `at' size (0.0pt), replaced by 10pt.
<to be read again> 
                   relax 
l.3 ...umberline {1.1}Εκφώνηση}{1}{subsection.1.1}
                                                  %
I can only handle fonts at positive sizes that are
less than 2048pt, so I've changed what you said to 10pt.

LaTeX Font Info:    Font shape `TU/LatinModernMath(2)/m/n' will be
(Font)              scaled to size 0.0pt on input line 3.
! Improper `at' size (0.0pt), replaced by 10pt.
<to be read again> 
                   relax 
l.3 ...umberline {1.1}Εκφώνηση}{1}{subsection.1.1}
                                                  %
I can only handle fonts at positive sizes that are
less than 2048pt, so I've changed what you said to 10pt.

LaTeX Font Info:    Font shape `TU/LatinModernMath(2)/m/n' will be
(Font)              scaled to size 0.0pt on input line 3.
! Improper `at' size (0.0pt), replaced by 10pt.
<to be read again> 
                   relax 
l.3 ...umberline {1.1}Εκφώνηση}{1}{subsection.1.1}
                                                  %
I can only handle fonts at positive sizes that are
less than 2048pt, so I've changed what you said to 10pt.

LaTeX Font Info:    Font shape `TU/LatinModernMath(2)/m/n' will be
(Font)              scaled to size 0.0pt on input line 3.
! Improper `at' size (0.0pt), replaced by 10pt.
<to be read again> 
                   relax 
l.3 ...umberline {1.1}Εκφώνηση}{1}{subsection.1.1}
                                                  %
I can only handle fonts at positive sizes that are
less than 2048pt, so I've changed what you said to 10pt.

LaTeX Font Info:    Font shape `TU/LatinModernMath(3)/m/n' will be
(Font)              scaled to size 0.0pt on input line 3.
! Improper `at' size (0.0pt), replaced by 10pt.
<to be read again> 
                   relax 
l.3 ...umberline {1.1}Εκφώνηση}{1}{subsection.1.1}
                                                  %
I can only handle fonts at positive sizes that are
less than 2048pt, so I've changed what you said to 10pt.

LaTeX Font Info:    Font shape `TU/LatinModernMath(3)/m/n' will be
(Font)              scaled to size 0.0pt on input line 3.
! Improper `at' size (0.0pt), replaced by 10pt.
<to be read again> 
                   relax 
l.3 ...umberline {1.1}Εκφώνηση}{1}{subsection.1.1}
                                                  %
I can only handle fonts at positive sizes that are
less than 2048pt, so I've changed what you said to 10pt.

LaTeX Font Info:    Font shape `TU/LatinModernMath(3)/m/n' will be
(Font)              scaled to size 0.0pt on input line 3.
! Improper `at' size (0.0pt), replaced by 10pt.
<to be read again> 
                   relax 
l.3 ...umberline {1.1}Εκφώνηση}{1}{subsection.1.1}
                                                  %
I can only handle fonts at positive sizes that are
less than 2048pt, so I've changed what you said to 10pt.

Missing character: There is no . in font nullfont!
Missing character: There is no 1 in font nullfont!
Missing character: There is no 1 in font nullfont!
Missing character: There is no . in font nullfont!
Missing character: There is no 2 in font nullfont!
Missing character: There is no Λ in font nullfont!
Missing character: There is no ύ in font nullfont!
Missing character: There is no σ in font nullfont!
Missing character: There is no η in font nullfont!
Missing character: There is no . in font nullfont!
Missing character: There is no 1 in font nullfont!
Missing character: There is no 1 in font nullfont!
Missing character: There is no . in font nullfont!
Missing character: There is no 2 in font nullfont!
Missing character: There is no . in font nullfont!
Missing character: There is no 1 in font nullfont!
Missing character: There is no Μ in font nullfont!
Missing character: There is no έ in font nullfont!
Missing character: There is no θ in font nullfont!
Missing character: There is no ο in font nullfont!
Missing character: There is no δ in font nullfont!
Missing character: There is no ο in font nullfont!
Missing character: There is no ς in font nullfont!
Missing character: There is no 1 in font nullfont!
Missing character: There is no . in font nullfont!
Missing character: There is no 1 in font nullfont!
Missing character: There is no 1 in font nullfont!
Missing character: There is no . in font nullfont!
Missing character: There is no 2 in font nullfont!
Missing character: There is no . in font nullfont!
Missing character: There is no 2 in font nullfont!
Missing character: There is no Μ in font nullfont!
Missing character: There is no έ in font nullfont!
Missing character: There is no θ in font nullfont!
Missing character: There is no ο in font nullfont!
Missing character: There is no δ in font nullfont!
Missing character: There is no ο in font nullfont!
Missing character: There is no ς in font nullfont!
Missing character: There is no 2 in font nullfont!
Missing character: There is no . in font nullfont!
Missing character: There is no 1 in font nullfont!
)
\tf@toc=\write4
\openout4 = `MainTemplate.toc'.



Missing character: There is no α in font nullfont!
Missing character: There is no ʹ in font nullfont!

Package hyperref Warning: Token not allowed in a PDF string (PDFDocEncoding):
(hyperref)                removing `\greeknumeral' on input line 44.

[1]
Missing character: There is no 1 in font nullfont!
Missing character: There is no Ά in font nullfont!
Missing character: There is no σ in font nullfont!
Missing character: There is no κ in font nullfont!
Missing character: There is no η in font nullfont!
Missing character: There is no σ in font nullfont!
Missing character: There is no η in font nullfont!
! Font TU/TimesNewRoman(0)/b/n/14.4="Times New Roman/OT" at 14.4pt not loadable
: Metric (TFM) file or installed font not found.
<to be read again> 
                   relax 
l.49 ^^IΕ
         κφώνηση Άσκησης
I wasn't able to read the size data for this font,
so I will ignore the font specification.
[Wizards can fix TFM files using TFtoPL/PLtoTF.]
You might try inserting a different font spec;
e.g., type `I\font<same font id>=<substitute font name>'.

Missing character: There is no 1 in font nullfont!
Missing character: There is no . in font nullfont!
Missing character: There is no 1 in font nullfont!
Missing character: There is no Ε in font nullfont!
Missing character: There is no κ in font nullfont!
Missing character: There is no φ in font nullfont!
Missing character: There is no ώ in font nullfont!
Missing character: There is no ν in font nullfont!
Missing character: There is no η in font nullfont!
Missing character: There is no σ in font nullfont!
Missing character: There is no η in font nullfont!
Missing character: There is no Ε in font nullfont!
Missing character: There is no κ in font nullfont!
Missing character: There is no φ in font nullfont!
Missing character: There is no ώ in font nullfont!
Missing character: There is no ν in font nullfont!
Missing character: There is no η in font nullfont!
Missing character: There is no σ in font nullfont!
Missing character: There is no η in font nullfont!
Missing character: There is no Ά in font nullfont!
Missing character: There is no σ in font nullfont!
Missing character: There is no κ in font nullfont!
Missing character: There is no η in font nullfont!
Missing character: There is no σ in font nullfont!
Missing character: There is no η in font nullfont!
Missing character: There is no ς in font nullfont!
Missing character: There is no 1 in font nullfont!
Missing character: There is no . in font nullfont!
Missing character: There is no 2 in font nullfont!
Missing character: There is no Λ in font nullfont!
Missing character: There is no ύ in font nullfont!
Missing character: There is no σ in font nullfont!
Missing character: There is no η in font nullfont!
Missing character: There is no Λ in font nullfont!
Missing character: There is no ύ in font nullfont!
Missing character: There is no σ in font nullfont!
Missing character: There is no η in font nullfont!
Missing character: There is no Ά in font nullfont!
Missing character: There is no σ in font nullfont!
Missing character: There is no κ in font nullfont!
Missing character: There is no η in font nullfont!
Missing character: There is no σ in font nullfont!
Missing character: There is no η in font nullfont!
Missing character: There is no ς in font nullfont!
Missing character: There is no 1 in font nullfont!
Missing character: There is no . in font nullfont!
Missing character: There is no 2 in font nullfont!
Missing character: There is no . in font nullfont!
Missing character: There is no 1 in font nullfont!
Missing character: There is no Μ in font nullfont!
Missing character: There is no έ in font nullfont!
Missing character: There is no θ in font nullfont!
Missing character: There is no ο in font nullfont!
Missing character: There is no δ in font nullfont!
Missing character: There is no ο in font nullfont!
Missing character: There is no ς in font nullfont!
Missing character: There is no 1 in font nullfont!
Missing character: There is no Π in font nullfont!
Missing character: There is no ρ in font nullfont!
Missing character: There is no ο in font nullfont!
Missing character: There is no σ in font nullfont!
Missing character: There is no έ in font nullfont!
Missing character: There is no γ in font nullfont!
Missing character: There is no γ in font nullfont!
Missing character: There is no ι in font nullfont!
Missing character: There is no σ in font nullfont!
Missing character: There is no η in font nullfont!
Missing character: There is no 1 in font nullfont!
Missing character: There is no 1 in font nullfont!
Missing character: There is no . in font nullfont!
Missing character: There is no 2 in font nullfont!
Missing character: There is no . in font nullfont!
Missing character: There is no 2 in font nullfont!
Missing character: There is no Μ in font nullfont!
Missing character: There is no έ in font nullfont!
Missing character: There is no θ in font nullfont!
Missing character: There is no ο in font nullfont!
Missing character: There is no δ in font nullfont!
Missing character: There is no ο in font nullfont!
Missing character: There is no ς in font nullfont!
Missing character: There is no 2 in font nullfont!
Missing character: There is no Π in font nullfont!
Missing character: There is no ρ in font nullfont!
Missing character: There is no ο in font nullfont!
Missing character: There is no σ in font nullfont!
Missing character: There is no έ in font nullfont!
Missing character: There is no γ in font nullfont!
Missing character: There is no γ in font nullfont!
Missing character: There is no ι in font nullfont!
Missing character: There is no σ in font nullfont!
Missing character: There is no η in font nullfont!
Missing character: There is no 2 in font nullfont!


Missing character: There is no 1 in font nullfont!
[1]
(/run/media/andreaspanayi8/Acer/Users/andre/Documents/(Xe)LaTeX Templates/build
/MainTemplate.aux)
 ***********
LaTeX2e <2024-11-01>
L3 programming layer <2024-11-02>
 ***********


LaTeX Font Warning: Some font shapes were not available, defaults substituted.

Package rerunfilecheck Info: File `MainTemplate.out' has not changed.
(rerunfilecheck)             Checksum: 9ECFF8E4C50BACF26B05126AB7E01D1A;573.
 ) 
Here is how much of TeX's memory you used:
 22062 strings out of 410759
 415428 string characters out of 5781378
 950579 words of memory out of 5000000
 44636 multiletter control sequences out of 15000+600000
 563330 words of font info for 66 fonts, out of 8000000 for 9000
 0 hyphenation exceptions out of 8191
 84i,11n,126p,10142b,384s stack positions out of 10000i,1000n,20000p,200000b,200000s

Output written on /run/media/andreaspanayi8/Acer/Users/andre/Documents/(Xe)LaTe
X Templates/build/MainTemplate.pdf (3 pages).
